2026-01-19 20:01:39,510 - ERROR - Failed to parse job 1284598701 (https://careers.ey.com/ey/job/Youngdeungpo-gu-EY-Parthenon-VCS%ED%8C%80%28Value-Creation-Strategy%2C-%EC%9A%B4%EC%98%81%ED%98%81%EC%8B%A0%EC%A0%84%EB%9E%B5%29-%EC%B1%84%EC%9A%A9-%EC%A0%84%ED%99%98%ED%98%95-%EC%9D%B8%ED%84%B4-150-777/1284598701/): Non-English page
2026-01-19 20:01:42,686 - ERROR - Failed to parse job 1284594101 (https://careers.ey.com/ey/job/Youngdeungpo-gu-%EA%B0%90%EC%82%AC%EB%B6%80%EB%AC%B8-Forensic-&-Integrity-Services-%EA%B2%BD%EB%A0%A5%EC%A7%81-150-777/1284594101/): Non-English page
2026-01-19 20:07:31,912 - ERROR - Failed to parse job 1284598701 (https://careers.ey.com/ey/job/Youngdeungpo-gu-EY-Parthenon-VCS%ED%8C%80%28Value-Creation-Strategy%2C-%EC%9A%B4%EC%98%81%ED%98%81%EC%8B%A0%EC%A0%84%EB%9E%B5%29-%EC%B1%84%EC%9A%A9-%EC%A0%84%ED%99%98%ED%98%95-%EC%9D%B8%ED%84%B4-150-777/1284598701/): Non-English page
2026-01-19 20:07:32,661 - ERROR - Failed to parse job 1284594101 (https://careers.ey.com/ey/job/Youngdeungpo-gu-%EA%B0%90%EC%82%AC%EB%B6%80%EB%AC%B8-Forensic-&-Integrity-Services-%EA%B2%BD%EB%A0%A5%EC%A7%81-150-777/1284594101/): Non-English page
2026-01-19 20:09:26,621 - ERROR - Failed to parse job 1284594101 (https://careers.ey.com/ey/job/Youngdeungpo-gu-%EA%B0%90%EC%82%AC%EB%B6%80%EB%AC%B8-Forensic-&-Integrity-Services-%EA%B2%BD%EB%A0%A5%EC%A7%81-150-777/1284594101/): Non-English page
2026-01-19 20:09:27,744 - ERROR - Failed to parse job 1284598701 (https://careers.ey.com/ey/job/Youngdeungpo-gu-EY-Parthenon-VCS%ED%8C%80%28Value-Creation-Strategy%2C-%EC%9A%B4%EC%98%81%ED%98%81%EC%8B%A0%EC%A0%84%EB%9E%B5%29-%EC%B1%84%EC%9A%A9-%EC%A0%84%ED%99%98%ED%98%95-%EC%9D%B8%ED%84%B4-150-777/1284598701/): Non-English page
2026-01-19 20:25:18,291 - ERROR - Failed to parse job 1284669401 (https://careers.ey.com/ey/job/Eschborn-Frankfurt-%28Main%29-Business-Process-Consultant-SAP-Transportation-Management-%28wmd%29-HE-65760/1284669401/): Non-English page
2026-01-19 20:25:26,772 - ERROR - Failed to parse job 1284598701 (https://careers.ey.com/ey/job/Youngdeungpo-gu-EY-Parthenon-VCS%ED%8C%80%28Value-Creation-Strategy%2C-%EC%9A%B4%EC%98%81%ED%98%81%EC%8B%A0%EC%A0%84%EB%9E%B5%29-%EC%B1%84%EC%9A%A9-%EC%A0%84%ED%99%98%ED%98%95-%EC%9D%B8%ED%84%B4-150-777/1284598701/): Non-English page
2026-01-19 20:25:28,523 - ERROR - Failed to parse job 1284594101 (https://careers.ey.com/ey/job/Youngdeungpo-gu-%EA%B0%90%EC%82%AC%EB%B6%80%EB%AC%B8-Forensic-&-Integrity-Services-%EA%B2%BD%EB%A0%A5%EC%A7%81-150-777/1284594101/): Non-English page
2026-01-19 20:25:34,338 - ERROR - Failed to parse job 1284791901 (https://careers.ey.com/ey/job/S%C3%A3o-Paulo-JK-Engenheiro-%28a%29-de-Dados-Cloud-Sr-S%C3%A3o-04543-011/1284791901/): Non-English page
2026-01-19 20:25:34,404 - ERROR - Failed to parse job 1284792301 (https://careers.ey.com/ey/job/S%C3%A3o-Paulo-JK-Engenheiro-%28a%29-de-Dados-Cloud-Sr-S%C3%A3o-04543-011/1284792301/): Non-English page
2026-01-19 20:25:34,465 - ERROR - Failed to parse job 1284791501 (https://careers.ey.com/ey/job/S%C3%A3o-Paulo-JK-Engenheiro-%28a%29-de-Dados-Cloud-Pleno-S%C3%A3o-04543-011/1284791501/): Non-English page
2026-01-19 20:25:34,900 - ERROR - Failed to parse job 1284792601 (https://careers.ey.com/ey/job/S%C3%A3o-Paulo-JK-Engenheiro-%28a%29-de-Dados-Cloud-Sr-S%C3%A3o-04543-011/1284792601/): Non-English page
2026-01-19 20:51:03,800 - ERROR - Failed to parse job 1284594101 (https://careers.ey.com/ey/job/Youngdeungpo-gu-%EA%B0%90%EC%82%AC%EB%B6%80%EB%AC%B8-Forensic-&-Integrity-Services-%EA%B2%BD%EB%A0%A5%EC%A7%81-150-777/1284594101/): Non-English page
2026-01-19 20:51:19,719 - ERROR - Failed to parse job 1284598701 (https://careers.ey.com/ey/job/Youngdeungpo-gu-EY-Parthenon-VCS%ED%8C%80%28Value-Creation-Strategy%2C-%EC%9A%B4%EC%98%81%ED%98%81%EC%8B%A0%EC%A0%84%EB%9E%B5%29-%EC%B1%84%EC%9A%A9-%EC%A0%84%ED%99%98%ED%98%95-%EC%9D%B8%ED%84%B4-150-777/1284598701/): Non-English page
2026-01-19 20:51:22,411 - ERROR - Failed to parse job 1284669401 (https://careers.ey.com/ey/job/Eschborn-Frankfurt-%28Main%29-Business-Process-Consultant-SAP-Transportation-Management-%28wmd%29-HE-65760/1284669401/): Non-English page
2026-01-19 20:51:33,477 - ERROR - Failed to parse job 1284792301 (https://careers.ey.com/ey/job/S%C3%A3o-Paulo-JK-Engenheiro-%28a%29-de-Dados-Cloud-Sr-S%C3%A3o-04543-011/1284792301/): Non-English page
2026-01-19 20:51:33,673 - ERROR - Failed to parse job 1284791901 (https://careers.ey.com/ey/job/S%C3%A3o-Paulo-JK-Engenheiro-%28a%29-de-Dados-Cloud-Sr-S%C3%A3o-04543-011/1284791901/): Non-English page
2026-01-19 20:51:35,061 - ERROR - Failed to parse job 1284791501 (https://careers.ey.com/ey/job/S%C3%A3o-Paulo-JK-Engenheiro-%28a%29-de-Dados-Cloud-Pleno-S%C3%A3o-04543-011/1284791501/): Non-English page
2026-01-19 20:51:36,044 - ERROR - Failed to parse job 1284792601 (https://careers.ey.com/ey/job/S%C3%A3o-Paulo-JK-Engenheiro-%28a%29-de-Dados-Cloud-Sr-S%C3%A3o-04543-011/1284792601/): Non-English page
2026-01-19 20:51:36,920 - ERROR - Failed to parse job 1284893001 (https://careers.ey.com/ey/job/S%C3%A3o-Paulo-JK-Assessora-ou-Assessor-Tribut%C3%A1rio-Impostos-Diretos-S%C3%A3o-04543-011/1284893001/): Non-English page
2026-01-19 20:51:38,820 - ERROR - Failed to parse job 1284886601 (https://careers.ey.com/ey/job/Campinas-Pessoa-Assessora-de-Tributos-Diretos%2C-Campinas-S%C3%A3o-13092-123/1284886601/): Non-English page
2026-01-19 20:51:40,218 - ERROR - Failed to parse job 1284877401 (https://careers.ey.com/ey/job/Montr%C3%A9al-Chef-d&apos;%C3%A9quipe-Cha%C3%AEne-d&apos;approvisionnement-et-op%C3%A9rations-Secteur-manufacturier-Montr%C3%A9al-Qu%C3%A9b-H3A-0A8/1284877401/): Non-English page
2026-01-19 20:51:40,331 - ERROR - Failed to parse job 1284853001 (https://careers.ey.com/ey/job/Eschborn-Frankfurt-%28Main%29-Mitarbeiter-Office-Support-Facility-Management-%28wmd%29-HE-65760/1284853001/): Non-English page
2026-01-19 20:51:42,995 - ERROR - Failed to parse job 1284932601 (https://careers.ey.com/ey/job/Calgary-Adjoint%28e%29-%C3%A0-la-Gestion-Financi%C3%A8re-AB-T2P-1M4/1284932601/): Non-English page
2026-01-19 20:51:49,348 - ERROR - Failed to parse job 1284942001 (https://careers.ey.com/ey/job/Ciudad-de-M%C3%A9xico-Consultor-Jr_-Finance-1-Ciud-11520/1284942001/): Non-English page
2026-01-19 20:51:51,261 - ERROR - Failed to parse job 1284971201 (https://careers.ey.com/ey/job/S%C3%A3o-Paulo-JK-Gerente-de-Impostos-Indiretos-S%C3%A3o-Paulo-S%C3%A3o-04543-011/1284971201/): Non-English page
2026-01-19 22:45:23,132 - ERROR - Failed to parse job 1284372301 (https://careers.ey.com/ey/job/S%C3%A3o-Paulo-JK-S%C3%AAnior-de-Auditoria-de-Controles-Internos-e-Riscos%2C-S%C3%A3o-Paulo-S%C3%A3o-04543-011/1284372301/): Non-English page
2026-01-19 22:45:27,841 - ERROR - Failed to parse job 1284450201 (https://careers.ey.com/ey/job/S%C3%A3o-Paulo-JK-Auditora-Externo-S%C3%AAnior-em-Institui%C3%A7%C3%B5es-Financeiras-S%C3%A3o-Paulo-e-Rio-de-Janeiro-S%C3%A3o-04543-011/1284450201/): Non-English page
2026-01-19 22:45:32,832 - ERROR - Failed to parse job 1284483201 (https://careers.ey.com/ey/job/Bogota-Asesor-Financiero-Biling%C3%BCe-Bogo/1284483201/): Non-English page
2026-01-19 22:45:34,204 - ERROR - Failed to parse job 1284491601 (https://careers.ey.com/ey/job/S%C3%A3o-Paulo-JK-Analista-Cont%C3%A1bil-S%C3%AAnior-S%C3%A3o-Paulo-S%C3%A3o-04543-011/1284491601/): Non-English page
2026-01-19 22:45:38,076 - ERROR - Failed to parse job 1284491501 (https://careers.ey.com/ey/job/S%C3%A3o-Paulo-JK-Analista-Cont%C3%A1bil-S%C3%A3o-Paulo-S%C3%A3o-04543-011/1284491501/): Non-English page
2026-01-19 22:45:39,403 - ERROR - Failed to parse job 1284491901 (https://careers.ey.com/ey/job/S%C3%A3o-Paulo-JK-Analista-Cont%C3%A1bil-S%C3%A3o-04543-011/1284491901/): Non-English page
2026-01-19 22:45:53,659 - ERROR - Failed to parse job 1284484101 (https://careers.ey.com/ey/job/S%C3%A3o-Paulo-JK-Desenvolvedor%28a%29-Backend-Java-S%C3%AAnior-S%C3%A3o-04543-011/1284484101/): Non-English page
2026-01-19 22:45:58,050 - ERROR - Failed to parse job 1284361601 (https://careers.ey.com/ey/job/S%C3%A3o-Paulo-JK-Auditora-em-Institui%C3%A7%C3%B5es-Financeiras-%28SP-e-RJ%29-S%C3%A3o-04543-011/1284361601/): Non-English page
2026-01-19 22:46:22,596 - ERROR - Failed to parse job 1283779601 (https://careers.ey.com/ey/job/Campinas-Gerente-de-Impostos-Diretos%2C-Campinas-S%C3%A3o-13092-123/1283779601/): Non-English page
2026-01-19 22:46:25,827 - ERROR - Failed to parse job 1283825101 (https://careers.ey.com/ey/job/Porto-Alegre-Assessor-%28a%29-de-Tributos-Indiretos-Porto-Alegre-RS-90470-000/1283825101/): Non-English page
2026-01-19 22:46:27,951 - ERROR - Failed to parse job 1283739701 (https://careers.ey.com/ey/job/Vienna-Praktikum-in-der-Wirtschaftspr%C3%BCfung-1220/1283739701/): Non-English page
2026-01-19 22:46:28,103 - ERROR - Failed to parse job 1283909201 (https://careers.ey.com/ey/job/Bogota-Asistente-Procesos-Migratorios-Bogo/1283909201/): Non-English page
2026-01-19 22:46:29,058 - ERROR - Failed to parse job 1283823801 (https://careers.ey.com/ey/job/Porto-Alegre-Assessor-%28a%29-S%C3%AAnior-de-Tributos-Indiretos-Porto-Alegre-RS-90470-000/1283823801/): Non-English page
2026-01-19 22:46:33,606 - ERROR - Failed to parse job 1283865101 (https://careers.ey.com/ey/job/Vienna-%28Senior%29-Consultant-%28wmd%29-Cyber-Security-1220/1283865101/): Non-English page
2026-01-19 22:46:36,315 - ERROR - Failed to parse job 1283956401 (https://careers.ey.com/ey/job/Toronto-Chef-d&apos;%C3%A9quipe-senior-Reporting-et-Comptabilit%C3%A9-d&apos;Entreprise-Am%C3%A9lior%C3%A9s-Audit-ON-M5H-0B3/1283956401/): Non-English page
2026-01-19 22:46:36,640 - ERROR - Failed to parse job 1284003801 (https://careers.ey.com/ey/job/Bogota-Data-Engineer-Bogo/1284003801/): Non-English page
2026-01-19 22:46:49,416 - ERROR - Failed to parse job 1284041901 (https://careers.ey.com/ey/job/Bogota-Consultor-SAP-Seguridad-Senior-1-Bogo/1284041901/): Non-English page
2026-01-19 22:46:49,639 - ERROR - Failed to parse job 1283865201 (https://careers.ey.com/ey/job/S%C3%A3o-Paulo-JK-QA-Tester-S%C3%AAnior-S%C3%A3o-04543-011/1283865201/): Non-English page
2026-01-19 22:46:52,726 - ERROR - Failed to parse job 1283408901 (https://careers.ey.com/ey/job/BOL-TAX-LAW-STAFF/1283408901/): Non-English page
2026-01-19 22:46:52,738 - ERROR - Failed to parse job 1283956901 (https://careers.ey.com/ey/job/Buenos-Aires-EY-Analistas-Contables-Eventuales-para-importante-cliente-Fintech-CABA-1437/1283956901/): Non-English page
2026-01-19 22:46:56,935 - ERROR - Failed to parse job 1283822201 (https://careers.ey.com/ey/job/Eschborn-Frankfurt-%28Main%29-Business-Process-Consultant-SAP-S4HANA-Logistics-%28SAP-EWM%2C-Warehouse-&-Intralogistics%29-%28wmd%29-HE-65760/1283822201/): Non-English page
2026-01-19 22:46:57,398 - ERROR - Failed to parse job 1283957301 (https://careers.ey.com/ey/job/Buenos-Aires-EY-Analistas-Contables-Sr-y-Ssr-para-importante-cliente-Fintech-CABA-1437/1283957301/): Non-English page
2026-01-19 23:06:28,149 - ERROR - Failed to parse job 1284598701 (https://careers.ey.com/ey/job/Youngdeungpo-gu-EY-Parthenon-VCS%ED%8C%80%28Value-Creation-Strategy%2C-%EC%9A%B4%EC%98%81%ED%98%81%EC%8B%A0%EC%A0%84%EB%9E%B5%29-%EC%B1%84%EC%9A%A9-%EC%A0%84%ED%99%98%ED%98%95-%EC%9D%B8%ED%84%B4-150-777/1284598701/): Non-English page
2026-01-19 23:06:33,678 - ERROR - Failed to parse job 1284594101 (https://careers.ey.com/ey/job/Youngdeungpo-gu-%EA%B0%90%EC%82%AC%EB%B6%80%EB%AC%B8-Forensic-&-Integrity-Services-%EA%B2%BD%EB%A0%A5%EC%A7%81-150-777/1284594101/): Non-English page
2026-01-19 23:06:35,692 - ERROR - Failed to parse job 1284669401 (https://careers.ey.com/ey/job/Eschborn-Frankfurt-%28Main%29-Business-Process-Consultant-SAP-Transportation-Management-%28wmd%29-HE-65760/1284669401/): Non-English page
2026-01-19 23:06:50,464 - ERROR - Failed to parse job 1284791501 (https://careers.ey.com/ey/job/S%C3%A3o-Paulo-JK-Engenheiro-%28a%29-de-Dados-Cloud-Pleno-S%C3%A3o-04543-011/1284791501/): Non-English page
2026-01-19 23:06:50,769 - ERROR - Failed to parse job 1284791901 (https://careers.ey.com/ey/job/S%C3%A3o-Paulo-JK-Engenheiro-%28a%29-de-Dados-Cloud-Sr-S%C3%A3o-04543-011/1284791901/): Non-English page
2026-01-19 23:06:51,772 - ERROR - Failed to parse job 1284792301 (https://careers.ey.com/ey/job/S%C3%A3o-Paulo-JK-Engenheiro-%28a%29-de-Dados-Cloud-Sr-S%C3%A3o-04543-011/1284792301/): Non-English page
2026-01-19 23:06:52,450 - ERROR - Failed to parse job 1284792601 (https://careers.ey.com/ey/job/S%C3%A3o-Paulo-JK-Engenheiro-%28a%29-de-Dados-Cloud-Sr-S%C3%A3o-04543-011/1284792601/): Non-English page
2026-01-19 23:06:53,387 - ERROR - Failed to parse job 1284886601 (https://careers.ey.com/ey/job/Campinas-Pessoa-Assessora-de-Tributos-Diretos%2C-Campinas-S%C3%A3o-13092-123/1284886601/): Non-English page
2026-01-19 23:06:57,423 - ERROR - Failed to parse job 1284893001 (https://careers.ey.com/ey/job/S%C3%A3o-Paulo-JK-Assessora-ou-Assessor-Tribut%C3%A1rio-Impostos-Diretos-S%C3%A3o-04543-011/1284893001/): Non-English page
2026-01-19 23:06:57,734 - ERROR - Failed to parse job 1284853001 (https://careers.ey.com/ey/job/Eschborn-Frankfurt-%28Main%29-Mitarbeiter-Office-Support-Facility-Management-%28wmd%29-HE-65760/1284853001/): Non-English page
2026-01-19 23:07:03,006 - ERROR - Failed to parse job 1284877401 (https://careers.ey.com/ey/job/Montr%C3%A9al-Chef-d&apos;%C3%A9quipe-Cha%C3%AEne-d&apos;approvisionnement-et-op%C3%A9rations-Secteur-manufacturier-Montr%C3%A9al-Qu%C3%A9b-H3A-0A8/1284877401/): Non-English page
2026-01-19 23:07:16,647 - ERROR - Failed to parse job 1284932601 (https://careers.ey.com/ey/job/Calgary-Adjoint%28e%29-%C3%A0-la-Gestion-Financi%C3%A8re-AB-T2P-1M4/1284932601/): Non-English page
2026-01-19 23:07:17,107 - ERROR - Failed to parse job 1284942001 (https://careers.ey.com/ey/job/Ciudad-de-M%C3%A9xico-Consultor-Jr_-Finance-1-Ciud-11520/1284942001/): Non-English page
2026-01-19 23:07:19,491 - ERROR - Failed to parse job 1284971201 (https://careers.ey.com/ey/job/S%C3%A3o-Paulo-JK-Gerente-de-Impostos-Indiretos-S%C3%A3o-Paulo-S%C3%A3o-04543-011/1284971201/): Non-English page
2026-01-19 23:08:09,901 - ERROR - Failed to parse job 1284372301 (https://careers.ey.com/ey/job/S%C3%A3o-Paulo-JK-S%C3%AAnior-de-Auditoria-de-Controles-Internos-e-Riscos%2C-S%C3%A3o-Paulo-S%C3%A3o-04543-011/1284372301/): Non-English page
2026-01-19 23:08:11,179 - ERROR - Failed to parse job 1284361601 (https://careers.ey.com/ey/job/S%C3%A3o-Paulo-JK-Auditora-em-Institui%C3%A7%C3%B5es-Financeiras-%28SP-e-RJ%29-S%C3%A3o-04543-011/1284361601/): Non-English page
2026-01-19 23:08:11,249 - ERROR - Failed to parse job 1284450201 (https://careers.ey.com/ey/job/S%C3%A3o-Paulo-JK-Auditora-Externo-S%C3%AAnior-em-Institui%C3%A7%C3%B5es-Financeiras-S%C3%A3o-Paulo-e-Rio-de-Janeiro-S%C3%A3o-04543-011/1284450201/): Non-English page
2026-01-19 23:08:11,320 - ERROR - Failed to parse job 1284483201 (https://careers.ey.com/ey/job/Bogota-Asesor-Financiero-Biling%C3%BCe-Bogo/1284483201/): Non-English page
2026-01-19 23:08:12,274 - ERROR - Failed to parse job 1284491901 (https://careers.ey.com/ey/job/S%C3%A3o-Paulo-JK-Analista-Cont%C3%A1bil-S%C3%A3o-04543-011/1284491901/): Non-English page
2026-01-19 23:08:13,418 - ERROR - Failed to parse job 1284491501 (https://careers.ey.com/ey/job/S%C3%A3o-Paulo-JK-Analista-Cont%C3%A1bil-S%C3%A3o-Paulo-S%C3%A3o-04543-011/1284491501/): Non-English page
2026-01-19 23:08:15,261 - ERROR - Failed to parse job 1284491601 (https://careers.ey.com/ey/job/S%C3%A3o-Paulo-JK-Analista-Cont%C3%A1bil-S%C3%AAnior-S%C3%A3o-Paulo-S%C3%A3o-04543-011/1284491601/): Non-English page
2026-01-19 23:08:18,980 - ERROR - Failed to parse job 1284484101 (https://careers.ey.com/ey/job/S%C3%A3o-Paulo-JK-Desenvolvedor%28a%29-Backend-Java-S%C3%AAnior-S%C3%A3o-04543-011/1284484101/): Non-English page
2026-01-19 23:08:37,703 - ERROR - Failed to parse job 1283779601 (https://careers.ey.com/ey/job/Campinas-Gerente-de-Impostos-Diretos%2C-Campinas-S%C3%A3o-13092-123/1283779601/): Non-English page
2026-01-19 23:08:38,826 - ERROR - Failed to parse job 1283739701 (https://careers.ey.com/ey/job/Vienna-Praktikum-in-der-Wirtschaftspr%C3%BCfung-1220/1283739701/): Non-English page
2026-01-19 23:08:43,377 - ERROR - Failed to parse job 1283823801 (https://careers.ey.com/ey/job/Porto-Alegre-Assessor-%28a%29-S%C3%AAnior-de-Tributos-Indiretos-Porto-Alegre-RS-90470-000/1283823801/): Non-English page
2026-01-19 23:08:44,828 - ERROR - Failed to parse job 1283909201 (https://careers.ey.com/ey/job/Bogota-Asistente-Procesos-Migratorios-Bogo/1283909201/): Non-English page
2026-01-19 23:08:45,098 - ERROR - Failed to parse job 1283825101 (https://careers.ey.com/ey/job/Porto-Alegre-Assessor-%28a%29-de-Tributos-Indiretos-Porto-Alegre-RS-90470-000/1283825101/): Non-English page
2026-01-19 23:08:46,245 - ERROR - Failed to parse job 1283865101 (https://careers.ey.com/ey/job/Vienna-%28Senior%29-Consultant-%28wmd%29-Cyber-Security-1220/1283865101/): Non-English page
2026-01-19 23:08:46,369 - ERROR - Failed to parse job 1284003801 (https://careers.ey.com/ey/job/Bogota-Data-Engineer-Bogo/1284003801/): Non-English page
2026-01-19 23:08:46,972 - ERROR - Failed to parse job 1283956401 (https://careers.ey.com/ey/job/Toronto-Chef-d&apos;%C3%A9quipe-senior-Reporting-et-Comptabilit%C3%A9-d&apos;Entreprise-Am%C3%A9lior%C3%A9s-Audit-ON-M5H-0B3/1283956401/): Non-English page
2026-01-19 23:08:50,208 - ERROR - Failed to parse job 1283865201 (https://careers.ey.com/ey/job/S%C3%A3o-Paulo-JK-QA-Tester-S%C3%AAnior-S%C3%A3o-04543-011/1283865201/): Non-English page
2026-01-19 23:08:51,031 - ERROR - Failed to parse job 1283956901 (https://careers.ey.com/ey/job/Buenos-Aires-EY-Analistas-Contables-Eventuales-para-importante-cliente-Fintech-CABA-1437/1283956901/): Non-English page
2026-01-19 23:08:51,535 - ERROR - Failed to parse job 1284041901 (https://careers.ey.com/ey/job/Bogota-Consultor-SAP-Seguridad-Senior-1-Bogo/1284041901/): Non-English page
2026-01-19 23:08:54,255 - ERROR - Failed to parse job 1283957301 (https://careers.ey.com/ey/job/Buenos-Aires-EY-Analistas-Contables-Sr-y-Ssr-para-importante-cliente-Fintech-CABA-1437/1283957301/): Non-English page
2026-01-19 23:08:55,301 - ERROR - Failed to parse job 1283822201 (https://careers.ey.com/ey/job/Eschborn-Frankfurt-%28Main%29-Business-Process-Consultant-SAP-S4HANA-Logistics-%28SAP-EWM%2C-Warehouse-&-Intralogistics%29-%28wmd%29-HE-65760/1283822201/): Non-English page
2026-01-19 23:08:55,468 - ERROR - Failed to parse job 1283408901 (https://careers.ey.com/ey/job/BOL-TAX-LAW-STAFF/1283408901/): Non-English page
2026-01-19 23:09:02,416 - ERROR - Failed to parse job 1283544901 (https://careers.ey.com/ey/job/Qu%C3%A9bec-City-Chef-d&apos;%C3%A9quipe%2C-Fiscalit%C3%A9-EY-Priv%C3%A9-Qu%C3%A9bec-Qu%C3%A9b-G1V-0C7/1283544901/): Non-English page
2026-01-19 23:09:02,884 - ERROR - Failed to parse job 1283362801 (https://careers.ey.com/ey/job/Bratislava-Tax-Intern-811-02/1283362801/): Missing title
2026-01-19 23:09:04,890 - ERROR - Failed to parse job 1283373501 (https://careers.ey.com/ey/job/Vienna-Next-Gen-Auditor-%28mwd%29-Wien-1220/1283373501/): Non-English page
2026-01-19 23:09:05,779 - ERROR - Failed to parse job 1283268301 (https://careers.ey.com/ey/job/Eschborn-Frankfurt-%28Main%29-EY-Parthenon-Werkstudent-AI-&-GenAI-Strategy-and-Transactions-%28wmd%29-HE-65760/1283268301/): Non-English page
2026-01-19 23:09:06,049 - ERROR - Failed to parse job 1283563001 (https://careers.ey.com/ey/job/Vit%C3%B3ria-Consultor%28a%29-JR-em-Gest%C3%A3o-de-Mudan%C3%A7a-%C2%A0-Presencial-em-Vit%C3%B3riaES-ES-29050-545/1283563001/): Non-English page
2026-01-19 23:09:07,819 - ERROR - Failed to parse job 1283389101 (https://careers.ey.com/ey/job/Klagenfurt-Next-Gen-Auditor-%28mwd%29-Klagenfurt-9020/1283389101/): Non-English page
2026-01-19 23:09:08,451 - ERROR - Failed to parse job 1283385901 (https://careers.ey.com/ey/job/Graz-Next-Gen-Auditor-%28mwd%29-Graz-Stei-8010/1283385901/): Non-English page
2026-01-19 23:09:09,732 - ERROR - Failed to parse job 1283380501 (https://careers.ey.com/ey/job/Salzburg-Next-Gen-Auditor-%28mwd%29-Salzburg-5020/1283380501/): Non-English page
2026-01-19 23:09:11,993 - ERROR - Failed to parse job 1283383401 (https://careers.ey.com/ey/job/Linz-Next-Gen-Auditor-%28mwd%29-Linz-4020/1283383401/): Non-English page
2026-01-19 23:09:15,477 - ERROR - Failed to parse job 1283568501 (https://careers.ey.com/ey/job/Porto-Alegre-Gerente-de-Tributos-Indiretos-Porto-Alegre-RS-90470-000/1283568501/): Non-English page
2026-01-19 23:09:17,586 - ERROR - Failed to parse job 1283343501 (https://careers.ey.com/ey/job/Eschborn-Frankfurt-%28Main%29-Internal-Auditor-Interne-Revision-%28wmd%29-HE-65760/1283343501/): Non-English page
2026-01-19 23:09:21,391 - ERROR - Failed to parse job 1283078601 (https://careers.ey.com/ey/job/Bogota-Technical-Program-Manager-Cloud-Bogo/1283078601/): Non-English page
2026-01-19 23:09:23,425 - ERROR - Failed to parse job 1283143001 (https://careers.ey.com/ey/job/Bogota-Consultor-SAP-FI-Staff-Bogo/1283143001/): Non-English page
2026-01-19 23:09:23,946 - ERROR - Failed to parse job 1283134401 (https://careers.ey.com/ey/job/Bogota-Consultor-Instrumentos-financieros-Bogo/1283134401/): Non-English page
2026-01-19 23:09:24,183 - ERROR - Failed to parse job 1283143601 (https://careers.ey.com/ey/job/Bogota-Consultor-SAP-PPQM-Staff-Bogo/1283143601/): Non-English page
2026-01-19 23:09:38,819 - ERROR - Failed to parse job 1282946501 (https://careers.ey.com/ey/job/Vienna-Managerin-AI-Technology-Consulting-1220/1282946501/): Non-English page
2026-01-19 23:09:38,907 - ERROR - Failed to parse job 1283041401 (https://careers.ey.com/ey/job/Bogot%C3%A1-D_C_-Intern-de-Auditor%C3%ADa-Forense-Bogo-110111/1283041401/): Non-English page
2026-01-19 23:09:39,489 - ERROR - Failed to parse job 1283019201 (https://careers.ey.com/ey/job/Ciudad-de-M%C3%A9xico-Gerente-de-Planeaci%C3%B3n-Financiera-Ciud-11520/1283019201/): Non-English page
2026-01-19 23:09:39,641 - ERROR - Failed to parse job 1283140501 (https://careers.ey.com/ey/job/Ciudad-de-M%C3%A9xico-Business-Analyst-Senior-1-Ciud-11520/1283140501/): Non-English page
2026-01-19 23:09:41,019 - ERROR - Failed to parse job 1283007501 (https://careers.ey.com/ey/job/Caracas-VEN-SaT-TCF-Transaction-Diligence-Staff-Cara/1283007501/): Non-English page
2026-01-19 23:09:42,475 - ERROR - Failed to parse job 1283032901 (https://careers.ey.com/ey/job/Caracas-VEN-Caracas-Assurance-Audit-Services-Staff-1-Cara/1283032901/): Non-English page
2026-01-19 23:09:50,231 - ERROR - Failed to parse job 1283100501 (https://careers.ey.com/ey/job/Qu%C3%A9bec-City-Chef-d&apos;%C3%A9quipe%2C-Fiscalit%C3%A9-Observation-et-d%C3%A9claration-%C3%A0-l&apos;%C3%A9chelle-mondiale-Qu%C3%A9bec-Qu%C3%A9b-G1V-0C7/1283100501/): Non-English page
2026-01-19 23:09:50,638 - ERROR - Failed to parse job 1283079301 (https://careers.ey.com/ey/job/Bogota-Data-Engineer-IA-Bogo/1283079301/): Non-English page
2026-01-19 23:09:51,659 - ERROR - Failed to parse job 1283108701 (https://careers.ey.com/ey/job/Qu%C3%A9bec-City-Professionnel-senior%2C-Fiscalit%C3%A9-Observation-et-d%C3%A9claration-%C3%A0-l&apos;%C3%A9chelle-mondiale-Qu%C3%A9bec-Qu%C3%A9b-G1V-0C7/1283108701/): Non-English page
2026-01-19 23:09:51,874 - ERROR - Failed to parse job 1282921301 (https://careers.ey.com/ey/job/Belo-Horizonte-Consultora-S%C3%AAnior-de-OT-Vaga-afirmativa-para-Mulheres-CIS-ou-Trans-MG-38082-049/1282921301/): Non-English page
2026-01-19 23:09:52,027 - ERROR - Failed to parse job 1283101401 (https://careers.ey.com/ey/job/Belo-Horizonte-Consultor%28a%29-de-M&A-Belo-Horizonte-MG-38082-049/1283101401/): Non-English page
2026-01-19 23:09:54,482 - ERROR - Failed to parse job 1282937101 (https://careers.ey.com/ey/job/Vienna-Praktikum-AI-&-Data-Business-AI-%28mwd%29-1220/1282937101/): Non-English page
2026-01-19 23:09:55,494 - ERROR - Failed to parse job 1283072701 (https://careers.ey.com/ey/job/Bogota-Consultor-SAP-Seguridad-Senior-Bogo/1283072701/): Non-English page
2026-01-19 23:09:56,672 - ERROR - Failed to parse job 1282950001 (https://careers.ey.com/ey/job/S%C3%A3o-Paulo-JK-Engenheiro-%28a%29-de-Dados-Pleno-S%C3%A3o-04543-011/1282950001/): Non-English page
2026-01-19 23:09:57,341 - ERROR - Failed to parse job 1282900701 (https://careers.ey.com/ey/job/Vienna-Inhouse-Automation-&-Process-Engineer-Tax-%28mwd%29-1220/1282900701/): Non-English page
2026-01-19 23:10:06,492 - ERROR - Failed to parse job 1282941901 (https://careers.ey.com/ey/job/Vienna-Insurance-Consulting-Professional-%28mwd%29-1220/1282941901/): Non-English page
2026-01-19 23:10:09,831 - ERROR - Failed to parse job 1282473501 (https://careers.ey.com/ey/job/Vienna-Initiativbewerbung-in-der-Consulting-Wien-1130/1282473501/): Non-English page
2026-01-19 23:10:21,321 - ERROR - Failed to parse job 1282469801 (https://careers.ey.com/ey/job/Recife-Consultor%28a%29-de-M&A-Recife-PE-51020-280/1282469801/): Non-English page
2026-01-19 23:10:38,176 - ERROR - Failed to parse job 1282616301 (https://careers.ey.com/ey/job/Ciudad-de-M%C3%A9xico-Auxiliar-Inventarios-CDMX-Ciud-11520/1282616301/): Non-English page
2026-01-19 23:10:43,513 - ERROR - Failed to parse job 1282309601 (https://careers.ey.com/ey/job/Eschborn-Frankfurt-%28Main%29-%28Senior%29-Manager-Data-&-Analytics-Consulting-%28Financial-Services%29-%28wmd%29-HE-65760/1282309601/): Non-English page
2026-01-19 23:10:57,100 - ERROR - Failed to parse job 1282083001 (https://careers.ey.com/ey/job/Bogot%C3%A1-D_C_-Auxiliar-junior-contable-Bogot%C3%A1-1-Bogo-110111/1282083001/): Non-English page
2026-01-19 23:11:10,009 - ERROR - Failed to parse job 1282073801 (https://careers.ey.com/ey/job/S%C3%A3o-Paulo-JK-Desenvolvedor%28a%29-Python-S%C3%AAnior-S%C3%A3o-04543-011/1282073801/): Non-English page
2026-01-19 23:11:10,269 - ERROR - Failed to parse job 1282073601 (https://careers.ey.com/ey/job/S%C3%A3o-Paulo-JK-Desenvolvedor%28a%29-Backend-_NETC-S%C3%AAnior-S%C3%A3o-04543-011/1282073601/): Non-English page
2026-01-19 23:11:19,417 - ERROR - Failed to parse job 1281624301 (https://careers.ey.com/ey/job/Santiago-Analista-de-sostenibilidad-Regi/1281624301/): Non-English page
2026-01-19 23:11:21,191 - ERROR - Failed to parse job 1281622901 (https://careers.ey.com/ey/job/Santiago-Analista-compliance-Data-Regi/1281622901/): Non-English page
2026-01-19 23:11:30,504 - ERROR - Failed to parse job 1281420701 (https://careers.ey.com/ey/job/Eschborn-Frankfurt-%28Main%29-Real-Estate-Manager-%28wmd%29-HE-65760/1281420701/): Non-English page
2026-01-19 23:11:38,379 - ERROR - Failed to parse job 1281319901 (https://careers.ey.com/ey/job/Stuttgart-Mitarbeiter-Office-Support-Facility-Management-%28wmd%29-BW-70629/1281319901/): Non-English page
2026-01-19 23:11:39,200 - ERROR - Failed to parse job 1281645801 (https://careers.ey.com/ey/job/Bogot%C3%A1-D_C_-Auxiliar-de-Auditor%C3%ADa-Forense-1-Bogo-110111/1281645801/): Non-English page
2026-01-19 23:11:39,922 - ERROR - Failed to parse job 1281632701 (https://careers.ey.com/ey/job/Montr%C3%A9al-Recruteur-de-personnel-d&apos;exp%C3%A9rience-bilingue-contrat-de-14-mois-Qu%C3%A9b-H3A-0A8/1281632701/): Non-English page
2026-01-19 23:11:39,949 - ERROR - Failed to parse job 1281425401 (https://careers.ey.com/ey/job/S%C3%A3o-Paulo-JK-Gerente-de-Impostos-Diretos%2C-S%C3%A3o-Paulo-S%C3%A3o-04543-011/1281425401/): Non-English page
2026-01-19 23:11:40,317 - ERROR - Failed to parse job 1281613501 (https://careers.ey.com/ey/job/S%C3%A3o-Paulo-JK-Analista-S%C3%AAnior-de-Tributos-S%C3%A3o-04543-011/1281613501/): Non-English page
2026-01-19 23:11:41,268 - ERROR - Failed to parse job 1281499601 (https://careers.ey.com/ey/job/S%C3%A3o-Paulo-JK-Analista-S%C3%AAnior-de-Impostos-Diretos-S%C3%A3o-04543-011/1281499601/): Non-English page
2026-01-19 23:11:41,543 - ERROR - Failed to parse job 1281535401 (https://careers.ey.com/ey/job/Montr%C3%A9al-Transformation-Financi%C3%A8re-Chef-d&apos;%C3%A9quipe-Montreal-Qu%C3%A9b-H3A-0A8/1281535401/): Non-English page
2026-01-19 23:11:42,708 - ERROR - Failed to parse job 1281444001 (https://careers.ey.com/ey/job/S%C3%A3o-Paulo-JK-Business-Analyst-Risk-Management-S%C3%A3o-04543-011/1281444001/): Non-English page
2026-01-19 23:11:47,337 - ERROR - Failed to parse job 1281445301 (https://careers.ey.com/ey/job/Rio-de-Janeiro-Gerente-de-Impostos-Diretos%2C-Rio-de-Janeiro-RJ-22250-040/1281445301/): Non-English page
2026-01-19 23:11:48,890 - ERROR - Failed to parse job 1281474501 (https://careers.ey.com/ey/job/Ribeir%C3%A3o-Preto-S%C3%AAnior-de-Auditoria-Externa%2C-Ribeir%C3%A3o-Preto-S%C3%A3o-140272-50/1281474501/): Non-English page
2026-01-19 23:11:53,548 - ERROR - Failed to parse job 1281615001 (https://careers.ey.com/ey/job/Ciudad-de-M%C3%A9xico-M%C3%A9xico-CDMX-Staff-SaT-S&E-Deal-Management-Ciud-11520/1281615001/): Non-English page
2026-01-19 23:11:57,113 - ERROR - Failed to parse job 1281237101 (https://careers.ey.com/ey/job/Montr%C3%A9al-Transformation-Financi%C3%A8re-Chef-d&apos;%C3%A9quipe-s%C3%A9nior-Montreal-Qu%C3%A9b-H3A-0A8/1281237101/): Non-English page
2026-01-19 23:12:09,307 - ERROR - Failed to parse job 1280958001 (https://careers.ey.com/ey/job/Vienna-%28Senior%29-Consultant-Financial-Services-%28mwd%29-1220/1280958001/): Non-English page
2026-01-19 23:12:10,784 - ERROR - Failed to parse job 1281158901 (https://careers.ey.com/ey/job/Ciudad-de-M%C3%A9xico-M%C3%A9x-CDMX-Assurance-Audit-Services-Senior-3-1-Ciud-11520/1281158901/): Non-English page
2026-01-19 23:12:11,076 - ERROR - Failed to parse job 1280784601 (https://careers.ey.com/ey/job/Youngdeungpo-gu-%EA%B0%90%EC%82%AC%EB%B6%80%EB%AC%B8-FAAS%EB%B3%B8%EB%B6%80-%EC%9B%90%EA%B0%80%EA%B4%80%EB%A6%AC%ED%9A%8C%EA%B3%84-%EB%B0%8F-%EC%9E%AC%EB%AC%B4%ED%98%81%EC%8B%A0-%EC%BB%A8%EC%84%A4%ED%84%B4%ED%8A%B8%ED%9A%8C%EA%B3%84%EC%82%AC-%EA%B2%BD%EB%A0%A5%EC%A7%81-150-777/1280784601/): Non-English page
2026-01-19 23:12:12,408 - ERROR - Failed to parse job 1281092901 (https://careers.ey.com/ey/job/S%C3%A3o-Paulo-JK-Analista-de-Marketing-Digital-J%C3%BAnior-Exclusiva-para-Pessoas-com-Defici%C3%AAncia-S%C3%A3o-04543-011/1281092901/): Non-English page
2026-01-19 23:12:13,540 - ERROR - Failed to parse job 1280787301 (https://careers.ey.com/ey/job/Montr%C3%A9al-Avocate-Senior-en-Litiges-Fiscaux-Qu%C3%A9b-H3A-0A8/1280787301/): Non-English page
2026-01-19 23:12:26,838 - ERROR - Failed to parse job 1281149701 (https://careers.ey.com/ey/job/Bogota-Analista-contable-y-tributario-Junior-Bogo/1281149701/): Non-English page
2026-01-19 23:12:29,156 - ERROR - Failed to parse job 1280975901 (https://careers.ey.com/ey/job/S%C3%A3o-Paulo-JK-S%C3%AAnior-de-Auditoria-Externa-S%C3%A3o-Paulo-S%C3%A3o-04543-011/1280975901/): Non-English page
2026-01-19 23:12:30,273 - ERROR - Failed to parse job 1281147801 (https://careers.ey.com/ey/job/Montr%C3%A9al-Prix-de-transfert-Personnel-fiscal-Qu%C3%A9b-H3A-0A8/1281147801/): Non-English page
2026-01-19 23:12:38,962 - ERROR - Failed to parse job 1280705201 (https://careers.ey.com/ey/job/Ciudad-de-M%C3%A9xico-M%C3%A9xico-CDMX-Senior-Manager-SaT-TCF-Financial-Diligence-Ciud-11520/1280705201/): Non-English page
2026-01-19 23:12:41,791 - ERROR - Failed to parse job 1280699001 (https://careers.ey.com/ey/job/Bogota-Auxiliar-Contable-Bogo/1280699001/): Missing title
2026-01-19 23:12:43,741 - ERROR - Failed to parse job 1280721801 (https://careers.ey.com/ey/job/S%C3%A3o-Paulo-JK-Consultor-em-Impostos-S%C3%A3o-04543-011/1280721801/): Non-English page
2026-01-19 23:12:55,454 - ERROR - Failed to parse job 1280401901 (https://careers.ey.com/ey/job/Bogot%C3%A1-D_C_-Junior-People-Consultant-Change-Management-Bogo-110111/1280401901/): Non-English page
2026-01-19 23:13:07,414 - ERROR - Failed to parse job 1280305501 (https://careers.ey.com/ey/job/S%C3%A3o-Paulo-JK-Assessor-Tribut%C3%A1rio-de-Impostos-Indiretos-S%C3%A3o-Paulo-S%C3%A3o-04543-011/1280305501/): Non-English page
2026-01-19 23:13:08,547 - ERROR - Failed to parse job 1279945101 (https://careers.ey.com/ey/job/Blumenau-Analista-ServiceNow-S%C3%AAnior-SC-89010-204/1279945101/): Non-English page
2026-01-19 23:13:08,830 - ERROR - Failed to parse job 1279946001 (https://careers.ey.com/ey/job/Porto-Alegre-Engenheiro-%28a%29-de-IA-Pleno-RS-90470-000/1279946001/): Non-English page
2026-01-19 23:13:10,570 - ERROR - Failed to parse job 1279989901 (https://careers.ey.com/ey/job/S%C3%A3o-Paulo-JK-Consultor%28a%29-ServiceNow-Pleno-S%C3%A3o-04543-011/1279989901/): Non-English page
2026-01-19 23:13:15,511 - ERROR - Failed to parse job 1279619401 (https://careers.ey.com/ey/job/Vienna-%28Senior%29-Managerin-bei-EY-Parthenon-Unternehmensbewertung-&-Modelling-1220/1279619401/): Non-English page
2026-01-19 23:13:16,122 - ERROR - Failed to parse job 1279553101 (https://careers.ey.com/ey/job/Vienna-Managerin-bei-EY-Parthenon-Financial-Restructuring-1220/1279553101/): Non-English page
2026-01-19 23:13:16,628 - ERROR - Failed to parse job 1279551401 (https://careers.ey.com/ey/job/Vienna-Dein-Start-in-der-Beratung-bei-EY-Parthenon-1220/1279551401/): Non-English page
2026-01-19 23:13:18,436 - ERROR - Failed to parse job 1279700101 (https://careers.ey.com/ey/job/Ciudad-de-M%C3%A9xico-Resource-Manager-Jr_-CDMX-Ciud-11520/1279700101/): Non-English page
2026-01-19 23:13:20,545 - ERROR - Failed to parse job 1279691901 (https://careers.ey.com/ey/job/S%C3%A3o-Paulo-JK-Analista-de-Tributos-S%C3%A3o-04543-011/1279691901/): Non-English page
2026-01-19 23:13:20,782 - ERROR - Failed to parse job 1279689501 (https://careers.ey.com/ey/job/S%C3%A3o-Paulo-JK-Desenvolvedor-Scala-S%C3%A3o-04543-011/1279689501/): Non-English page
2026-01-19 23:13:21,593 - ERROR - Failed to parse job 1279627801 (https://careers.ey.com/ey/job/S%C3%A3o-Paulo-JK-Analista-Cont%C3%A1bil-S%C3%AAnior-S%C3%A3o-04543-011/1279627801/): Non-English page
2026-01-19 23:13:22,726 - ERROR - Failed to parse job 1279663901 (https://careers.ey.com/ey/job/S%C3%A3o-Paulo-JK-Desenvolvedor-Full-Stack-Angular_Net-S%C3%A3o-04543-011/1279663901/): Non-English page
2026-01-19 23:13:26,333 - ERROR - Failed to parse job 1279499501 (https://careers.ey.com/ey/job/Ciudad-de-M%C3%A9xico-M%C3%A9xico-CDMX-Staff-SaT-TCF-Transaction-Analytics-Ciud-11520/1279499501/): Non-English page
2026-01-19 23:13:26,522 - ERROR - Failed to parse job 1279503501 (https://careers.ey.com/ey/job/S%C3%A3o-Paulo-JK-Consultor-%28a%29-em-Business-Transformation-%28Foco-em-bancos%29-S%C3%A3o-Paulo-S%C3%A3o-04543-011/1279503501/): Non-English page
2026-01-19 23:13:26,991 - ERROR - Failed to parse job 1279404001 (https://careers.ey.com/ey/job/Eschborn-Frankfurt-%28Main%29-Bilanzbuchhalter-%28wmd%29-HE-65760/1279404001/): Non-English page
2026-01-19 23:13:27,250 - ERROR - Failed to parse job 1279445501 (https://careers.ey.com/ey/job/Rio-de-Janeiro-Auditor-ou-Auditora-S%C3%AAnior-de-TI-Rio-de-Janeiro-S%C3%A3o-Paulo-RJ-22250-040/1279445501/): Non-English page
2026-01-19 23:13:27,668 - ERROR - Failed to parse job 1279493401 (https://careers.ey.com/ey/job/Rio-de-Janeiro-Consultora-S%C3%AAnior-de-OT-Vaga-afirmativa-para-Mulheres-CIS-ou-Trans-RJ-22250-040/1279493401/): Non-English page
2026-01-19 23:13:28,707 - ERROR - Failed to parse job 1279439701 (https://careers.ey.com/ey/job/S%C3%A3o-Paulo-JK-Consultora-SAP-Security-Jr_-%28afirmativa-para-PcD%29-S%C3%A3o-04543-011/1279439701/): Non-English page
2026-01-19 23:13:30,664 - ERROR - Failed to parse job 1279499901 (https://careers.ey.com/ey/job/S%C3%A3o-Paulo-JK-Assessor-Tribut%C3%A1rio%28a%29-S%C3%AAnior-Diretos-S%C3%A3o-04543-011/1279499901/): Non-English page
2026-01-19 23:13:31,359 - ERROR - Failed to parse job 1279499701 (https://careers.ey.com/ey/job/S%C3%A3o-Paulo-JK-Assessor-%28a%29-Tribut%C3%A1rio-S%C3%AAnior-S%C3%A3o-04543-011/1279499701/): Non-English page
2026-01-19 23:13:33,471 - ERROR - Failed to parse job 1279357001 (https://careers.ey.com/ey/job/Eschborn-Frankfurt-%28Main%29-Konzernbuchhalter-%28wmd%29-HE-65760/1279357001/): Non-English page
2026-01-19 23:13:34,578 - ERROR - Failed to parse job 1279274701 (https://careers.ey.com/ey/job/Campinas-Assessora-ou-Assessor-S%C3%AAnior-de-Tributos-Diretos%2C-Campinas-S%C3%A3o-13092-123/1279274701/): Non-English page
2026-01-19 23:13:35,914 - ERROR - Failed to parse job 1279258601 (https://careers.ey.com/ey/job/S%C3%A3o-Paulo-JK-Assessor%28a%29-Tribut%C3%A1rio-S%C3%AAnior-Impostos-Indiretos-%28Fus%C3%B5es-e-Aquisi%C3%A7%C3%B5esM&A%29-S%C3%A3o-04543-011/1279258601/): Non-English page
2026-01-19 23:13:35,992 - ERROR - Failed to parse job 1279277001 (https://careers.ey.com/ey/job/S%C3%A3o-Paulo-JK-Gerente-de-impostos-internacionais-S%C3%A3o-Paulo-S%C3%A3o-04543-011/1279277001/): Non-English page
2026-01-19 23:13:36,454 - ERROR - Failed to parse job 1279279901 (https://careers.ey.com/ey/job/S%C3%A3o-Paulo-JK-Spark-Developer-Senior-1-S%C3%A3o-04543-011/1279279901/): Non-English page
2026-01-19 23:13:37,500 - ERROR - Failed to parse job 1279277401 (https://careers.ey.com/ey/job/S%C3%A3o-Paulo-JK-Assessor-Tribut%C3%A1rio-S%C3%AAnior-de-Impostos-Indiretos-S%C3%A3o-Paulo-S%C3%A3o-04543-011/1279277401/): Non-English page
2026-01-19 23:13:37,968 - ERROR - Failed to parse job 1279277201 (https://careers.ey.com/ey/job/S%C3%A3o-Paulo-JK-Assessor-Tribut%C3%A1rio-de-Impostos-Indiretos-S%C3%A2o-Paulo-S%C3%A3o-04543-011/1279277201/): Non-English page
2026-01-19 23:13:38,379 - ERROR - Failed to parse job 1279277501 (https://careers.ey.com/ey/job/S%C3%A3o-Paulo-JK-Assessor-Tribut%C3%A1rio-S%C3%AAnior-S%C3%A3o-04543-011/1279277501/): Non-English page
2026-01-19 23:14:01,961 - ERROR - Failed to parse job 1278882801 (https://careers.ey.com/ey/job/Noida-DE-Senior-Kotlin-Backend-Developer-GDSNF02-UP-201301/1278882801/): Missing title
2026-01-19 23:14:12,365 - ERROR - Failed to parse job 1279034601 (https://careers.ey.com/ey/job/Buenos-Aires-EY-Consultora-Junior-en-SAP-SuccessFactors-CABA-1437/1279034601/): Non-English page
2026-01-19 23:14:16,128 - ERROR - Failed to parse job 1278709701 (https://careers.ey.com/ey/job/Montr%C3%A9al-Chef-d&apos;%C3%A9quipe%2C-EY-Priv%C3%A9-Services-conseils-Entreprise-Certification-Qu%C3%A9b-H3A-0A8/1278709701/): Non-English page
2026-01-19 23:14:24,525 - ERROR - Failed to parse job 1278687801 (https://careers.ey.com/ey/job/S%C3%A3o-Paulo-JK-Consultor-Senior-Capital-Projects-S%C3%A3o-04543-011/1278687801/): Non-English page
2026-01-19 23:14:25,496 - ERROR - Failed to parse job 1278651201 (https://careers.ey.com/ey/job/S%C3%A3o-Paulo-JK-Analista-de-Gest%C3%A3o-de-Folha-de-Pagamento-Pleno-S%C3%A3o-04543-011/1278651201/): Non-English page
2026-01-19 23:14:27,184 - ERROR - Failed to parse job 1278685201 (https://careers.ey.com/ey/job/Salvador-Consultor%28a%29-S%C3%AAnior-em-Gest%C3%A3o-de-Mudan%C3%A7a-Presencial-em-S%C3%A3o-LuisMA-BA-41820-020/1278685201/): Non-English page
2026-01-19 23:14:29,662 - ERROR - Failed to parse job 1278663901 (https://careers.ey.com/ey/job/S%C3%A3o-Paulo-JK-Gerente-de-Controle-e-Gest%C3%A3o-S%C3%A3o-04543-011/1278663901/): Non-English page
2026-01-19 23:14:39,829 - ERROR - Failed to parse job 1278278001 (https://careers.ey.com/ey/job/Bengaluru-Consultant-Business-Consulting-PI-TMT-CNS-BC-FINANCE-Bangalore-KA-560001/1278278001/): Missing title
2026-01-19 23:14:49,367 - ERROR - Failed to parse job 1278272801 (https://careers.ey.com/ey/job/Montr%C3%A9al-Professionnel-senior%2C-Contr%C3%B4le-pr%C3%A9alable-transactionnel-Qu%C3%A9b-H3A-0A8/1278272801/): Non-English page
2026-01-19 23:14:52,229 - ERROR - Failed to parse job 1278129801 (https://careers.ey.com/ey/job/Recife-Consultora-Funcional-SAP-MM-PE-50030-230/1278129801/): Non-English page
2026-01-19 23:14:53,383 - ERROR - Failed to parse job 1277938701 (https://careers.ey.com/ey/job/Eschborn-Frankfurt-%28Main%29-%28Senior%29-Consultant-Finance-Accounting%2C-Controlling-&-Steuerung-%28Financial-Services%29-%28wmd%29-HE-65760/1277938701/): Non-English page
2026-01-19 23:14:53,958 - ERROR - Failed to parse job 1277927501 (https://careers.ey.com/ey/job/Eschborn-Frankfurt-%28Main%29-%28Senior%29-Consultant-Finance-AI-&-Intelligent-Automation-%28Financial-Services%29-%28wmd%29-HE-65760/1277927501/): Non-English page
2026-01-19 23:14:54,361 - ERROR - Failed to parse job 1277932601 (https://careers.ey.com/ey/job/Eschborn-Frankfurt-%28Main%29-%28Senior%29-Consultant-Finance-Data-Management-&-Data-Governance-%28Financial-Services%29-%28wmd%29-HE-65760/1277932601/): Non-English page
2026-01-19 23:14:55,296 - ERROR - Failed to parse job 1278083601 (https://careers.ey.com/ey/job/Eschborn-Frankfurt-%28Main%29-Senior-DATEV-Support-Expert-%28wmd%29-HE-65760/1278083601/): Non-English page
2026-01-19 23:14:55,699 - ERROR - Failed to parse job 1277935501 (https://careers.ey.com/ey/job/Eschborn-Frankfurt-%28Main%29-%28Senior%29-Consultant-Finance-Strategische-Banksteuerung-und-CFO-Agenda-%28Financial-Services%29-%28wmd%29-HE-65760/1277935501/): Non-English page
2026-01-19 23:14:57,569 - ERROR - Failed to parse job 1278113901 (https://careers.ey.com/ey/job/Berlin-%28Senior%29-Consultant-Product-Management-Business-Consulting%2C-EY-Studio%2B-%28wmd%29-BE-10117/1278113901/): Non-English page
2026-01-19 23:15:09,926 - ERROR - Failed to parse job 1278254301 (https://careers.ey.com/ey/job/Toronto-Chef-d&apos;%C3%A9quipe-Strat%C3%A9gie-et-transformation-technologiques-Commerce-de-d%C3%A9tail-ON-M5H-0B3/1278254301/): Non-English page
2026-01-19 23:15:22,671 - ERROR - Failed to parse job 1277600601 (https://careers.ey.com/ey/job/Belo-Horizonte-Consultora-S%C3%AAnior-Capital-ProjectsCREAS-MG-38082-049/1277600601/): Non-English page
2026-01-19 23:15:23,107 - ERROR - Failed to parse job 1277752001 (https://careers.ey.com/ey/job/Recife-Desenvolvedora-ABAPFiori-Pleno-PE-50030-230/1277752001/): Non-English page
2026-01-19 23:15:23,399 - ERROR - Failed to parse job 1277615701 (https://careers.ey.com/ey/job/Curitiba-Consultor-%28a%29-Gest%C3%A3o-de-Mudan%C3%A7a-Jr-PR-80410-201/1277615701/): Non-English page
2026-01-19 23:15:23,692 - ERROR - Failed to parse job 1277770101 (https://careers.ey.com/ey/job/S%C3%A3o-Paulo-JK-Analista-de-CTI-S%C3%AAnior-S%C3%A3o-04543-011/1277770101/): Non-English page
2026-01-19 23:15:27,255 - ERROR - Failed to parse job 1276953301 (https://careers.ey.com/ey/job/Sydney-Early-Careers-Talent-Attraction-and-Acquisition-Coordinator-NSW-2000/1276953301/): Missing title
2026-01-19 23:15:27,599 - ERROR - Failed to parse job 1277808501 (https://careers.ey.com/ey/job/Ciudad-de-M%C3%A9xico-Project-Manager-Ciud-11520/1277808501/): Non-English page
2026-01-19 23:15:28,061 - ERROR - Failed to parse job 1277798001 (https://careers.ey.com/ey/job/Ciudad-de-M%C3%A9xico-Consultor-JR-en-Auditoria-Interna-Ciud-11520/1277798001/): Non-English page
2026-01-19 23:15:29,052 - ERROR - Failed to parse job 1277594501 (https://careers.ey.com/ey/job/S%C3%A3o-Paulo-JK-Gerente-de-Processos-Financeiros-S%C3%A3o-04543-011/1277594501/): Non-English page
2026-01-19 23:15:33,884 - ERROR - Failed to parse job 1277331901 (https://careers.ey.com/ey/job/Recife-Consultora-Funcional-SAP-FI-Senior-PE-50030-230/1277331901/): Non-English page
2026-01-19 23:15:36,798 - ERROR - Failed to parse job 1277326301 (https://careers.ey.com/ey/job/Caracas-VEN-CARACAS-CNS-Risk-Digital-Risk-STAFF-1-1-Cara/1277326301/): Non-English page
2026-01-19 23:15:38,983 - ERROR - Failed to parse job 1277015601 (https://careers.ey.com/ey/job/Berlin-Consultant-Go-to-Market-Tax-%28wmd%29-BE-10117/1277015601/): Non-English page
2026-01-19 23:15:42,798 - ERROR - Failed to parse job 1277144701 (https://careers.ey.com/ey/job/Montr%C3%A9al-Services-de-soutien-technologique-sur-place-Queb-H3A-0A8/1277144701/): Non-English page
2026-01-19 23:15:44,459 - ERROR - Failed to parse job 1277247201 (https://careers.ey.com/ey/job/S%C3%A3o-Paulo-JK-Analista-S%C3%AAnior-de-Tributos-S%C3%A3o-04543-011/1277247201/): Non-English page
2026-01-19 23:15:53,741 - ERROR - Failed to parse job 1277233201 (https://careers.ey.com/ey/job/Freiburg-i_-Br_-Werkstudent-Office-Support-Administration-&-Workplace-Services-%28wmd%29-BW-79098/1277233201/): Non-English page
2026-01-19 23:16:07,430 - ERROR - Failed to parse job 1276694601 (https://careers.ey.com/ey/job/Eschborn-Frankfurt-%28Main%29-Experte-Kreditorenbuchhaltung-%28wmd%29-HE-65760/1276694601/): Non-English page
2026-01-19 23:16:10,562 - ERROR - Failed to parse job 1276868701 (https://careers.ey.com/ey/job/S%C3%A3o-Paulo-JK-Strategy-Consultant-EY-Parthenon-S%C3%A3o-04543-011/1276868701/): Non-English page
2026-01-19 23:16:12,165 - ERROR - Failed to parse job 1276906301 (https://careers.ey.com/ey/job/S%C3%A3o-Paulo-JK-Analista-de-Impostos-Diretos-S%C3%A3o-04543-011/1276906301/): Non-English page
2026-01-19 23:16:14,351 - ERROR - Failed to parse job 1276879901 (https://careers.ey.com/ey/job/Calgary-Chef-d&apos;%C3%A9quipe-senior%2C-Certification-Pratique-Professionnelle-AB-T2P-1M4/1276879901/): Non-English page
2026-01-19 23:16:25,218 - ERROR - Failed to parse job 1276792001 (https://careers.ey.com/ey/job/Medell%C3%ADn-Analista-de-impuestos-Medellin-Anti/1276792001/): Non-English page
2026-01-19 23:16:25,911 - ERROR - Failed to parse job 1276779701 (https://careers.ey.com/ey/job/Rio-de-Janeiro-Consultor%28a%29-S%C3%AAnior-de-Auditoria-Interna-RJ-22250-040/1276779701/): Non-English page
2026-01-19 23:16:30,171 - ERROR - Failed to parse job 1276402901 (https://careers.ey.com/ey/job/Girardot-Auxilar-contable-Barranquilla-ATL/1276402901/): Non-English page
2026-01-19 23:16:30,365 - ERROR - Failed to parse job 1276323601 (https://careers.ey.com/ey/job/New-Delhi-Assistant-Manager-Assurance-National-ASU-FAAS-Financial&AccountingAdv-New-Delhi-Nati-110037/1276323601/): Missing title
2026-01-19 23:16:30,689 - ERROR - Failed to parse job 1276382801 (https://careers.ey.com/ey/job/New-Delhi-Manager-Assurance-National-ASU-FAAS-Financial&AccountingAdv-New-Delhi-Nati-110037/1276382801/): Missing title
2026-01-19 23:16:31,292 - ERROR - Failed to parse job 1276357201 (https://careers.ey.com/ey/job/New-Delhi-Executive-Assurance-National-ASU-FAAS-Financial&AccountingAdv-New-Delhi-Nati-110037/1276357201/): Missing title
2026-01-19 23:16:41,182 - ERROR - Failed to parse job 1276161201 (https://careers.ey.com/ey/job/Kochi-Analyst-Engineer-KL-682303/1276161201/): Missing title
2026-01-19 23:16:41,990 - ERROR - Failed to parse job 1276461601 (https://careers.ey.com/ey/job/S%C3%A3o-Paulo-JK-Desenvolvedor%28a%29-ServiceNow-S%C3%AAnior-S%C3%A3o-04543-011/1276461601/): Non-English page
2026-01-19 23:16:47,308 - ERROR - Failed to parse job 1276347001 (https://careers.ey.com/ey/job/S%C3%A3o-Paulo-JK-Consultor-%28a%29-S%C3%AAnior-de-PLD-S%C3%A3o-Paulo-S%C3%A3o-04543-011/1276347001/): Non-English page
2026-01-19 23:16:48,175 - ERROR - Failed to parse job 1276472501 (https://careers.ey.com/ey/job/Recife-Desenvolvedora-ABAPFiori-Senior-PE-50030-230/1276472501/): Non-English page
2026-01-19 23:16:54,200 - ERROR - Failed to parse job 1276263001 (https://careers.ey.com/ey/job/Vienna-%28Junior%29-Beraterin-f%C3%BCr-Tax-Technology-1220/1276263001/): Non-English page
2026-01-19 23:16:59,825 - ERROR - Failed to parse job 1276047901 (https://careers.ey.com/ey/job/Bogota-Consultor-contable-y-financiero-senior-Bogo/1276047901/): Non-English page
2026-01-19 23:17:07,758 - ERROR - Failed to parse job 1275902501 (https://careers.ey.com/ey/job/Buenos-Aires-EY-Manager-en-Impuestos-CABA-1002/1275902501/): Non-English page
2026-01-19 23:17:08,898 - ERROR - Failed to parse job 1275745201 (https://careers.ey.com/ey/job/Vienna-Managerin-Finance-Transformation-1220/1275745201/): Non-English page
2026-01-19 23:17:16,052 - ERROR - Failed to parse job 1275692901 (https://careers.ey.com/ey/job/Bogota-Consultor-SAP-PP-QM-Bogo/1275692901/): Non-English page
2026-01-19 23:17:17,316 - ERROR - Failed to parse job 1275942601 (https://careers.ey.com/ey/job/D%C3%BCsseldorf-%28Senior%29-Consultant-Business-Travel-Compliance-%28wmd%29-NW-40213/1275942601/): Non-English page
2026-01-19 23:17:22,673 - ERROR - Failed to parse job 1275619601 (https://careers.ey.com/ey/job/Ciudad-de-M%C3%A9xico-M%C3%A9x-CDMX-Assurance-Audit-Services-Senior-1-CoE-1-1-Ciud-11520/1275619601/): Non-English page
2026-01-19 23:17:24,025 - ERROR - Failed to parse job 1275675401 (https://careers.ey.com/ey/job/Ciudad-de-M%C3%A9xico-Consultor-Senior-en-Continuidad-de-Negocio-Ciud-11520/1275675401/): Non-English page
2026-01-19 23:17:26,371 - ERROR - Failed to parse job 1275591101 (https://careers.ey.com/ey/job/Ciudad-de-M%C3%A9xico-Consultor-Senior-de-Sostenibilidad-para-Sector-Financiero-Ciud-11520/1275591101/): Non-English page
2026-01-19 23:17:26,641 - ERROR - Failed to parse job 1275570601 (https://careers.ey.com/ey/job/S%C3%A3o-Paulo-JK-Assistente-de-tributos-S%C3%A3o-04543-011/1275570601/): Non-English page
2026-01-19 23:17:26,678 - ERROR - Failed to parse job 1275652501 (https://careers.ey.com/ey/job/S%C3%A3o-Paulo-JK-Assessor-de-Tributos-Indiretos-S%C3%A3o-Paulo-S%C3%A3o-04543-011/1275652501/): Non-English page
2026-01-19 23:17:27,038 - ERROR - Failed to parse job 1275651701 (https://careers.ey.com/ey/job/S%C3%A3o-Paulo-JK-Analista-S%C3%AAnior-de-Tributos-S%C3%A3o-04543-011/1275651701/): Non-English page
2026-01-19 23:17:27,286 - ERROR - Failed to parse job 1275653101 (https://careers.ey.com/ey/job/Curitiba-Assessor-Tribut%C3%A1rio-S%C3%AAnior-de-Impostos-Indiretos-Curitiba-PR-80410-201/1275653101/): Non-English page
2026-01-19 23:17:31,781 - ERROR - Failed to parse job 1275600501 (https://careers.ey.com/ey/job/S%C3%A3o-Paulo-JK-Analista-de-tributos-S%C3%A3o-04543-011/1275600501/): Non-English page
2026-01-19 23:17:35,723 - ERROR - Failed to parse job 1275317301 (https://careers.ey.com/ey/job/Bogota-Technical-Program-Manager-Bogo/1275317301/): Non-English page
2026-01-19 23:17:48,082 - ERROR - Failed to parse job 1274965201 (https://careers.ey.com/ey/job/Montr%C3%A9al-Chef-d&apos;%C3%A9quipe-Services-en-d%C3%A9veloppement-durable-Certification-Qu%C3%A9b-H3A-0A8/1274965201/): Non-English page
2026-01-19 23:17:51,657 - ERROR - Failed to parse job 1275119101 (https://careers.ey.com/ey/job/S%C3%A3o-Paulo-JK-Gerente-S%C3%AAnior-de-Impostos-Diretos%2C-S%C3%A3o-Paulo-S%C3%A3o-04543-011/1275119101/): Non-English page
2026-01-19 23:17:54,226 - ERROR - Failed to parse job 1274898301 (https://careers.ey.com/ey/job/Bogota-Especialista-en-Auditor%C3%ADa-TI-Sector-financiero-Bogo/1274898301/): Non-English page
2026-01-19 23:18:00,029 - ERROR - Failed to parse job 1274765001 (https://careers.ey.com/ey/job/Vienna-Payroll-Specialist-%28wmd%29-1220/1274765001/): Non-English page
2026-01-19 23:18:02,399 - ERROR - Failed to parse job 1274908501 (https://careers.ey.com/ey/job/Ciudad-de-M%C3%A9xico-Consultor-%28a%29-de-Sostenibilidad-Reporteo-y-Gesti%C3%B3n-Social-Ciud-11520/1274908501/): Non-English page
2026-01-19 23:18:02,432 - ERROR - Failed to parse job 1274586801 (https://careers.ey.com/ey/job/Ciudad-de-M%C3%A9xico-CNS-TC-Platforms-SAP-EWM-Ciud-11520/1274586801/): Non-English page
2026-01-19 23:18:04,336 - ERROR - Failed to parse job 1274770001 (https://careers.ey.com/ey/job/Berlin-%28Senior%29-Consultant-Transformation-%28Financial-Services%29-%28wmd%29-BE-10117/1274770001/): Non-English page
2026-01-19 23:18:09,020 - ERROR - Failed to parse job 1274690301 (https://careers.ey.com/ey/job/D%C3%BCsseldorf-EY-Parthenon-Manager-Real-Estate-Project-Management-%C3%96PP-%28wmd%29-NW-40213/1274690301/): Non-English page
2026-01-19 23:18:09,998 - ERROR - Failed to parse job 1274899401 (https://careers.ey.com/ey/job/Ciudad-de-M%C3%A9xico-M%C3%A9xico-CDMX-SaT-S&E-Corporate-Strategy-Ciud-11520/1274899401/): Non-English page
2026-01-19 23:18:30,460 - ERROR - Failed to parse job 1274375701 (https://careers.ey.com/ey/job/S%C3%A3o-Paulo-JK-Project-Manager-%28ERP-&-EPM%29-S%C3%A3o-04543-011/1274375701/): Non-English page
2026-01-19 23:18:41,750 - ERROR - Failed to parse job 1274372201 (https://careers.ey.com/ey/job/S%C3%A3o-Paulo-JK-Assessora-ou-Assessor-Tribut%C3%A1rio-Impostos-Diretos-S%C3%A3o-04543-011/1274372201/): Non-English page
2026-01-19 23:18:43,237 - ERROR - Failed to parse job 1274368701 (https://careers.ey.com/ey/job/S%C3%A3o-Paulo-JK-Assessora-ou-Assessor-S%C3%AAnior-de-Tributos-Diretos-S%C3%A3o-04543-011/1274368701/): Non-English page
2026-01-19 23:18:56,870 - ERROR - Failed to parse job 1274062301 (https://careers.ey.com/ey/job/Rio-de-Janeiro-Assessor%28a%29-Tribut%C3%A1rio-Impostos-Internacionais-RJ-22250-040/1274062301/): Non-English page
2026-01-19 23:18:59,944 - ERROR - Failed to parse job 1274064101 (https://careers.ey.com/ey/job/Rio-de-Janeiro-Assessor-%28a%29-Tribut%C3%A1rio-de-Pre%C3%A7os-de-Transfer%C3%AAncia-RJ-22250-040/1274064101/): Non-English page
2026-01-19 23:19:02,587 - ERROR - Failed to parse job 1273740501 (https://careers.ey.com/ey/job/Ciudad-de-M%C3%A9xico-Mex-TAX-Other-Managed-Services-Manager-Ciud-11520/1273740501/): Missing title
2026-01-19 23:19:06,446 - ERROR - Failed to parse job 1273699001 (https://careers.ey.com/ey/job/Ciudad-de-M%C3%A9xico-M%C3%A9xico-CDMX-Staff-TAX-PAS-Mobility-Core-Ciud-11520/1273699001/): Non-English page
2026-01-19 23:19:07,437 - ERROR - Failed to parse job 1273460301 (https://careers.ey.com/ey/job/Vienna-Senior-ServiceNow-Architect-%28mwd%29-1220/1273460301/): Non-English page
2026-01-19 23:19:10,353 - ERROR - Failed to parse job 1273688601 (https://careers.ey.com/ey/job/S%C3%A3o-Paulo-JK-Spark-Developer-Senior-S%C3%A3o-04543-011/1273688601/): Non-English page
2026-01-19 23:19:13,728 - ERROR - Failed to parse job 1273341301 (https://careers.ey.com/ey/job/Noida-Senior-Manager-Forensics-National-ASU-Forensics-Investigations-&-Compliance-Noida-UP-201304/1273341301/): Missing title
2026-01-19 23:19:14,036 - ERROR - Failed to parse job 1273334501 (https://careers.ey.com/ey/job/Qu%C3%A9bec-City-Chef-d&apos;%C3%A9quipe-en-fiscalit%C3%A9-Fiscalit%C3%A9-priv%C3%A9-Qu%C3%A9bec-Qu%C3%A9b-G1V-0C7/1273334501/): Non-English page
2026-01-19 23:19:14,432 - ERROR - Failed to parse job 1273332201 (https://careers.ey.com/ey/job/Qu%C3%A9bec-City-Technicien-senior-en-fiscalit%C3%A9-Observation-et-d%C3%A9claration-%C3%A0-l&apos;%C3%A9chelle-mondiale-Qu%C3%A9bec-Qu%C3%A9b-G1V-0C7/1273332201/): Non-English page
2026-01-19 23:19:16,188 - ERROR - Failed to parse job 1273334901 (https://careers.ey.com/ey/job/Qu%C3%A9bec-City-Chef-d&apos;%C3%A9quipe-en-fiscalit%C3%A9-Observation-et-d%C3%A9claration-%C3%A0-l&apos;%C3%A9chelle-mondiale-Qu%C3%A9bec-Qu%C3%A9b-G1V-0C7/1273334901/): Non-English page
2026-01-19 23:19:16,708 - ERROR - Failed to parse job 1273335501 (https://careers.ey.com/ey/job/Qu%C3%A9bec-City-Professionnel-senior-en-fiscalit%C3%A9-Observation-et-d%C3%A9claration-%C3%A0-l&apos;%C3%A9chelle-mondiale-Qu%C3%A9bec-Qu%C3%A9b-G1V-0C7/1273335501/): Non-English page
2026-01-19 23:19:21,775 - ERROR - Failed to parse job 1273696201 (https://careers.ey.com/ey/job/S%C3%A3o-Paulo-JK-Desenvolvedor%28a%29-Java-S%C3%AAnior-S%C3%A3o-04543-011/1273696201/): Non-English page
2026-01-19 23:19:31,532 - ERROR - Failed to parse job 1273233401 (https://careers.ey.com/ey/job/Monterrey-MEX-CNS-Risk-Process-&-Controls-Senior-1-NLE-66265/1273233401/): Non-English page
2026-01-19 23:19:33,164 - ERROR - Failed to parse job 1273232501 (https://careers.ey.com/ey/job/Monterrey-Consultor-Senior-de-Proyectos-de-Construccion-Monterrey-NLE-66265/1273232501/): Non-English page
2026-01-19 23:19:34,970 - ERROR - Failed to parse job 1273243101 (https://careers.ey.com/ey/job/Montr%C3%A9al-Recruteur-de-personnel-d&apos;exp%C3%A9rience-bilingue-Conseiller-senior-%28gamme-de-services-Fiscalit%C3%A9%29-Qu%C3%A9b-H3A-0A8/1273243101/): Non-English page
2026-01-19 23:19:35,098 - ERROR - Failed to parse job 1273182501 (https://careers.ey.com/ey/job/Recife-Assessora-ou-Assessor-Tribut%C3%A1rio-S%C3%AAnior-Impostos-diretos%2C-Recife-PE-51020-280/1273182501/): Non-English page
2026-01-19 23:19:35,900 - ERROR - Failed to parse job 1273180001 (https://careers.ey.com/ey/job/Belo-Horizonte-Gerente-Impostos-Diretos%2C-BH-MG-38082-049/1273180001/): Non-English page
2026-01-19 23:19:36,256 - ERROR - Failed to parse job 1273292601 (https://careers.ey.com/ey/job/S%C3%A3o-Paulo-JK-Consultora-S%C3%AAnior-de-Risco-de-Cr%C3%A9dito-e-Mercado-S%C3%A3o-Paulo-S%C3%A3o-04543-011/1273292601/): Non-English page
2026-01-19 23:19:36,316 - ERROR - Failed to parse job 1273129001 (https://careers.ey.com/ey/job/S%C3%A3o-Paulo-JK-Consultora-S%C3%AAnior-de-Risco-S%C3%A3o-Paulo-S%C3%A3o-04543-011/1273129001/): Non-English page
2026-01-19 23:19:36,719 - ERROR - Failed to parse job 1273293601 (https://careers.ey.com/ey/job/S%C3%A3o-Paulo-JK-Consultora-S%C3%AAnior-em-Business-Tranformation-%28Foco-em-pagamentos%29-S%C3%A3o-04543-011/1273293601/): Non-English page
2026-01-19 23:19:36,836 - ERROR - Failed to parse job 1273325001 (https://careers.ey.com/ey/job/Ciudad-de-M%C3%A9xico-Consultor-en-proyectos-de-construccion-Ciud-11520/1273325001/): Non-English page
2026-01-19 23:19:51,368 - ERROR - Failed to parse job 1272773601 (https://careers.ey.com/ey/job/S%C3%A3o-Paulo-JK-Desenvolvedora-PEGA-Senior-S%C3%A3o-04543-011/1272773601/): Non-English page
2026-01-19 23:19:52,805 - ERROR - Failed to parse job 1272730201 (https://careers.ey.com/ey/job/S%C3%A3o-Paulo-JK-Cloud-DevOps-Engineer-%28AWS%29-S%C3%A3o-04543-011/1272730201/): Non-English page
2026-01-19 23:19:53,012 - ERROR - Failed to parse job 1272869001 (https://careers.ey.com/ey/job/S%C3%A3o-Paulo-JK-Gerente-de-Dados-S%C3%A3o-04543-011/1272869001/): Non-English page
2026-01-19 23:19:58,050 - ERROR - Failed to parse job 1272513201 (https://careers.ey.com/ey/job/Montr%C3%A9al-Conseiller%28%C3%A8re%29-senior%2C-Technologie-Qu%C3%A9b-H3A-0A8/1272513201/): Non-English page
2026-01-19 23:19:59,335 - ERROR - Failed to parse job 1272448901 (https://careers.ey.com/ey/job/Bogota-Reporting-Engineer-Staff-Bogo/1272448901/): Non-English page
2026-01-19 23:19:59,695 - ERROR - Failed to parse job 1272459401 (https://careers.ey.com/ey/job/Bogota-Full-Stack-Developer-Bogo/1272459401/): Non-English page
2026-01-19 23:20:23,253 - ERROR - Failed to parse job 1232923801 (https://careers.ey.com/ey/job/Bogota-SAP-Group-Reporting-Consolidation-Bogo/1232923801/): Non-English page
2026-01-19 23:20:29,465 - ERROR - Failed to parse job 1191711201 (https://careers.ey.com/ey/job/Eschborn-Frankfurt-%28Main%29-%28Senior%29-Manager-Forensic-&-Integrity-Services-%28Financial-Services%29-%28wmd%29-HE-65760/1191711201/): Non-English page
2026-01-19 23:20:29,875 - ERROR - Failed to parse job 1232841901 (https://careers.ey.com/ey/job/Eschborn-Frankfurt-%28Main%29-Karrierestart-als-Mathematiker%2C-Physiker-und-Wirtschaftswissenschaftler-%28Financial-Services%29-%28wmd%29-HE-65760/1232841901/): Non-English page
2026-01-19 23:20:30,373 - ERROR - Failed to parse job 1232670701 (https://careers.ey.com/ey/job/Eschborn-Frankfurt-%28Main%29-Consultant-Forensic-&-Integrity-Services-%28Financial-Services%29-%28wmd%29-HE-65760/1232670701/): Non-English page
2026-01-19 23:20:38,231 - ERROR - Failed to parse job 1191480501 (https://careers.ey.com/ey/job/Berlin-Consultant-Wirtschaftspr%C3%BCfung-Audit-%28wmd%29-BE-10117/1191480501/): Non-English page
2026-01-19 23:20:39,164 - ERROR - Failed to parse job 1253190101 (https://careers.ey.com/ey/job/Berlin-EY-Parthenon-Senior-Manager-Strategy-Private-Equity-%28wmd%29-BE-10117/1253190101/): Non-English page
2026-01-19 23:20:39,620 - ERROR - Failed to parse job 1263253801 (https://careers.ey.com/ey/job/Berlin-Berater-Regulatory-Monitoring-Service-Cyber-Security-%28wmd%29-BE-10117/1263253801/): Non-English page
2026-01-19 23:20:41,101 - ERROR - Failed to parse job 1232718901 (https://careers.ey.com/ey/job/Berlin-EY-Parthenon-Manager-Strategy-Life-Science-%28wmd%29-BE-10117/1232718901/): Non-English page
2026-01-19 23:20:45,921 - ERROR - Failed to parse job 1232905901 (https://careers.ey.com/ey/job/M%C3%BCnchen-Consultant-Wirtschaftspr%C3%BCfung-Audit-Versicherungen-%28Financial-Services%29-%28wmd%29-BY-80636/1232905901/): Non-English page
2026-01-19 23:20:46,432 - ERROR - Failed to parse job 1263428001 (https://careers.ey.com/ey/job/S%C3%A3o-Paulo-JK-Assessor%28a%29-Mobilidade-Global-Tax-compliance%2C-S%C3%A3o-Paulo-S%C3%A3o-04543-011/1263428001/): Non-English page
2026-01-19 23:20:47,259 - ERROR - Failed to parse job 1191809801 (https://careers.ey.com/ey/job/Qu%C3%A9bec-City-Chef-d&apos;%C3%A9quipe%2C-Fiscalit%C3%A9-Services-aux-entreprises-%C3%A0-capital-ferm%C3%A9-Ville-de-Qu%C3%A9bec-Qu%C3%A9b-G1V-0C7/1191809801/): Non-English page
2026-01-19 23:20:48,773 - ERROR - Failed to parse job 1170518601 (https://careers.ey.com/ey/job/S%C3%A3o-Paulo-JK-Desenvolvedor-%28a%29-FICO-S%C3%A3o-04543-011/1170518601/): Non-English page
2026-01-19 23:20:56,118 - ERROR - Failed to parse job 1191548701 (https://careers.ey.com/ey/job/Hamburg-Consultant-Wirtschaftspr%C3%BCfung-Audit-%28wmd%29-HH-20148/1191548701/): Non-English page
2026-01-19 23:20:56,776 - ERROR - Failed to parse job 1186772801 (https://careers.ey.com/ey/job/Hamburg-Werkstudent-im-Bereich-Projekt-Management-Assurance-%28wmd%29-HH-20148/1186772801/): Non-English page
2026-01-19 23:20:58,482 - ERROR - Failed to parse job 1253606101 (https://careers.ey.com/ey/job/Ciudad-de-M%C3%A9xico-Consultant-in-Transaction-Diligence-CDMX-Ciud-11520/1253606101/): Non-English page
2026-01-19 23:21:00,049 - ERROR - Failed to parse job 1263336501 (https://careers.ey.com/ey/job/Vienna-%28Senior%29-Associate-Tax-International-Tax-Services-%28mwd%29-1220/1263336501/): Non-English page
2026-01-19 23:21:04,624 - ERROR - Failed to parse job 1272008601 (https://careers.ey.com/ey/job/Ciudad-de-M%C3%A9xico-Senior-de-Auditoria-Externa-1-Ciud-11520/1272008601/): Non-English page
2026-01-19 23:21:04,693 - ERROR - Failed to parse job 1226532401 (https://careers.ey.com/ey/job/Montr%C3%A9al-Transfert-de-prix-Chef-d&apos;%C3%A9quipe-Montr%C3%A9al-Qu%C3%A9b-H3A-0A8/1226532401/): Non-English page
2026-01-19 23:21:08,254 - ERROR - Failed to parse job 1271936801 (https://careers.ey.com/ey/job/Vienna-Financial-Restructuring-Beratung-EY-Parthenon-%28mwd%29-1220/1271936801/): Non-English page
2026-01-19 23:21:11,870 - ERROR - Failed to parse job 1271738601 (https://careers.ey.com/ey/job/Montr%C3%A9al-Sp%C3%A9cialiste-de-documents-senior-Queb-H3A-0A8/1271738601/): Non-English page
2026-01-19 23:21:36,670 - ERROR - Failed to parse job 1252648301 (https://careers.ey.com/ey/job/Ciudad-de-M%C3%A9xico-Manager-Transaction-Diligence-CDMX-Ciud-11520/1252648301/): Non-English page
2026-01-19 23:21:38,248 - ERROR - Failed to parse job 1201158101 (https://careers.ey.com/ey/job/Eschborn-Frankfurt-%28Main%29-EY-Parthenon-Manager-Value-Creation-Private-Equity-&-Corporate-Clients-%28wmd%29-HE-65760/1201158101/): Non-English page
2026-01-19 23:21:38,903 - ERROR - Failed to parse job 1201220601 (https://careers.ey.com/ey/job/Eschborn-Frankfurt-%28Main%29-%28Senior%29-Consultant-Payroll-People-Advisory-Services-%28wmd%29-HE-65760/1201220601/): Non-English page
2026-01-19 23:21:40,957 - ERROR - Failed to parse job 1211819001 (https://careers.ey.com/ey/job/Berlin-%28Senior%29-Consultant-Digital-Risk-%28Financial-Services%29-%28wmd%29-BE-10117/1211819001/): Non-English page
2026-01-19 23:21:41,545 - ERROR - Failed to parse job 1262778001 (https://careers.ey.com/ey/job/Berlin-Rechtsanwalt-Energierecht-EY-Law-%28wmd%29-BE-10117/1262778001/): Non-English page
2026-01-19 23:21:43,894 - ERROR - Failed to parse job 1262722901 (https://careers.ey.com/ey/job/Toronto-Chef-d&apos;%C3%A9quipe-Services-consultatifs-Comptabilit%C3%A9-financi%C3%A8re-NetSuite-Certification-ON-M5H-0B3/1262722901/): Non-English page
2026-01-19 23:21:45,015 - ERROR - Failed to parse job 1035800801 (https://careers.ey.com/ey/job/Tel-Aviv-%D7%9E%D7%A0%D7%94%D7%9C%D7%AA-%D7%97%D7%A9%D7%91%D7%95%D7%A0%D7%95%D7%AA-%D7%9C%D7%9E%D7%97%D7%9C%D7%A7%D7%AA-%D7%94%D7%9E%D7%99%D7%A1%D7%99%D7%9D-1-1-1-6706703/1035800801/): Non-English page
2026-01-19 23:21:55,448 - ERROR - Failed to parse job 1263088501 (https://careers.ey.com/ey/job/S%C3%A3o-Paulo-JK-Gerente-Tribut%C3%A1rio-de-Impostos-Indiretos-S%C3%A3o-Paulo-S%C3%A3o-04543-011/1263088501/): Non-English page
2026-01-19 23:21:59,483 - ERROR - Failed to parse job 1262970501 (https://careers.ey.com/ey/job/Hamburg-EY-Parthenon-Manager-Transactions-&-Financial-Due-Diligence-%28wmd%29-HH-20148/1262970501/): Non-English page
2026-01-19 23:22:02,898 - ERROR - Failed to parse job 1179558001 (https://careers.ey.com/ey/job/Curitiba-S%C3%AAnior-de-Auditoria-Externa%2C-Curitiba-PR-80410-201/1179558001/): Non-English page
2026-01-19 23:22:11,935 - ERROR - Failed to parse job 1271685701 (https://careers.ey.com/ey/job/S%C3%A3o-Paulo-JK-Business-Analyst-%28Client-center-and-CRM%29-S%C3%A3o-04543-011/1271685701/): Missing title
2026-01-19 23:22:14,884 - ERROR - Failed to parse job 1271676501 (https://careers.ey.com/ey/job/Montr%C3%A9al-Chef-d&apos;%C3%A9quipe-ou-Chef-d&apos;%C3%A9quipe-senior-en-fiscalit%C3%A9-Services-consultatifs%2C-Gens-Mobilit%C3%A9-Qu%C3%A9b-H3A-0A8/1271676501/): Non-English page
2026-01-19 23:22:16,539 - ERROR - Failed to parse job 1271683601 (https://careers.ey.com/ey/job/Montr%C3%A9al-professionnel-senior-de-fiscalit%C3%A9-et-d&apos;informatique-Qu%C3%A9b-H3A-0A8/1271683601/): Non-English page
2026-01-19 23:22:21,370 - ERROR - Failed to parse job 1271530001 (https://careers.ey.com/ey/job/Rio-de-Janeiro-Assessora-ou-Assessor-Tribut%C3%A1rio-Impostos-Diretos-RJ-22250-040/1271530001/): Non-English page
2026-01-19 23:22:26,824 - ERROR - Failed to parse job 1271575001 (https://careers.ey.com/ey/job/S%C3%A3o-Paulo-JK-Desenvolvedor%28a%29-Angular-S%C3%AAnior-S%C3%A3o-04543-011/1271575001/): Non-English page
2026-01-19 23:22:27,431 - ERROR - Failed to parse job 1271673301 (https://careers.ey.com/ey/job/S%C3%A3o-Paulo-JK-Oracle-Data-Architect-%28Data-Modeling%2C-AWS-Redshift%29-S%C3%A3o-04543-011/1271673301/): Non-English page
2026-01-19 23:22:27,571 - ERROR - Failed to parse job 1271575801 (https://careers.ey.com/ey/job/S%C3%A3o-Paulo-JK-Enterprise-Storage-System-Administrator-%28IBOX%2C-Pure-Storage%2C-VMware%29-S%C3%A3o-04543-011/1271575801/): Non-English page
2026-01-19 23:22:28,039 - ERROR - Failed to parse job 1271575301 (https://careers.ey.com/ey/job/S%C3%A3o-Paulo-JK-Desenvolvedor%28a%29-Fullstack-S%C3%AAnior-%28Java-&-Angular%29-S%C3%A3o-04543-011/1271575301/): Non-English page
2026-01-19 23:22:32,580 - ERROR - Failed to parse job 1117829101 (https://careers.ey.com/ey/job/Montevideo-Contador-con-experiencia-para-Impuestos-%28H%C3%ADbrido%29/1117829101/): Non-English page
2026-01-19 23:22:40,704 - ERROR - Failed to parse job 1210973701 (https://careers.ey.com/ey/job/Eschborn-Frankfurt-%28Main%29-Berater-Finance-Strategy-und-Business-Services-Business-Consulting-%28wmd%29-HE-65760/1210973701/): Non-English page
2026-01-19 23:22:51,574 - ERROR - Failed to parse job 1210914401 (https://careers.ey.com/ey/job/Berlin-SAP-Master-Data-Governance-Architect-%28wmd%29-BE-10117/1210914401/): Non-English page
2026-01-19 23:22:51,654 - ERROR - Failed to parse job 1252638401 (https://careers.ey.com/ey/job/Ribeir%C3%A3o-Preto-Gerente-Tribut%C3%A1rio-de-Impostos-Indiretos-S%C3%A3o-Paulo-S%C3%A3o-140272-50/1252638401/): Non-English page
2026-01-19 23:22:56,099 - ERROR - Failed to parse job 1262675201 (https://careers.ey.com/ey/job/Curitiba-Auditor-ou-Auditora-Externa%2C-Curitiba-PR-80410-201/1262675201/): Non-English page
2026-01-19 23:23:01,203 - ERROR - Failed to parse job 1190097001 (https://careers.ey.com/ey/job/M%C3%BCnchen-Wirtschaftsjurist-IT-Recht-Datenschutz-EY-Law-%28wmd%29-BY-80636/1190097001/): Non-English page
2026-01-19 23:23:04,116 - ERROR - Failed to parse job 1220723501 (https://careers.ey.com/ey/job/Montr%C3%A9al-Chef-d&apos;%C3%A9quipe-Technologie-Certification-Qu%C3%A9b-H3A-0A8/1220723501/): Non-English page
2026-01-19 23:23:11,262 - ERROR - Failed to parse job 1210996501 (https://careers.ey.com/ey/job/Madrid-Consultora-Senior-Consultor%C3%ADa-Contable-M-28003/1210996501/): Non-English page
2026-01-19 23:23:14,165 - ERROR - Failed to parse job 1210985901 (https://careers.ey.com/ey/job/D%C3%BCsseldorf-Consultant-Digital-Transformation-Accounting-&-Controlling-Business-Consulting-Finance-%28wmd%29-NW-40213/1210985901/): Non-English page
2026-01-19 23:23:21,491 - ERROR - Failed to parse job 1211043101 (https://careers.ey.com/ey/job/Montr%C3%A9al-Traductrice-r%C3%A9viseure-ou-traducteur-r%C3%A9viseur-juridique-Services-de-traduction-Qu%C3%A9b-H3A-0A8/1211043101/): Non-English page
2026-01-19 23:23:21,704 - ERROR - Failed to parse job 1262674101 (https://careers.ey.com/ey/job/Santiago-Abogado-Document-Reviewer-Regi/1262674101/): Non-English page
2026-01-19 23:23:24,470 - ERROR - Failed to parse job 1200279201 (https://careers.ey.com/ey/job/S%C3%A3o-Paulo-JK-Banco-de-Talentos-Consultora-SAP-S%C3%A3o-04543-011/1200279201/): Non-English page
2026-01-19 23:23:30,643 - ERROR - Failed to parse job 1271225601 (https://careers.ey.com/ey/job/Ciudad-de-M%C3%A9xico-M%C3%A9x-CDMX-Assurance-Audit-Services-Senior-1-CoE-1-Ciud-11520/1271225601/): Non-English page
2026-01-19 23:23:31,795 - ERROR - Failed to parse job 1271304001 (https://careers.ey.com/ey/job/Ciudad-de-M%C3%A9xico-CNS-TC-Platforms-SAP-Ciud-11520/1271304001/): Non-English page
2026-01-19 23:23:37,516 - ERROR - Failed to parse job 1271302801 (https://careers.ey.com/ey/job/Montr%C3%A9al-Professionnel-senior-en-fiscalit%C3%A9-Observation-et-d%C3%A9claration-%C3%A0-l&apos;%C3%A9chelle-mondiale-Montr%C3%A9al-Qu%C3%A9b-H3A-0A8/1271302801/): Non-English page
2026-01-19 23:23:38,441 - ERROR - Failed to parse job 1271245501 (https://careers.ey.com/ey/job/Montr%C3%A9al-Chef-d&apos;%C3%A9quipe-de-fiscalit%C3%A9-Groupe-Fiscalit%C3%A9-d&apos;EY-Priv%C3%A9-Montr%C3%A9al-Qu%C3%A9b-H3A-0A8/1271245501/): Non-English page
2026-01-19 23:23:47,162 - ERROR - Failed to parse job 1231234801 (https://careers.ey.com/ey/job/Eschborn-Frankfurt-%28Main%29-Duales-Studium-in-der-pr%C3%BCfungsnahen-Beratung-%28Financial-Services%29-%28wmd%29-HE-65760/1231234801/): Non-English page
2026-01-19 23:23:48,560 - ERROR - Failed to parse job 1231485601 (https://careers.ey.com/ey/job/Stuttgart-%28Senior%29-Consultant-Private-Client-Services-Steuerberatung-%28wmd%29-BW-70629/1231485601/): Non-English page
2026-01-19 23:24:07,996 - ERROR - Failed to parse job 1270925801 (https://careers.ey.com/ey/job/Montr%C3%A9al-Professionnel-senior-de-la-fiscalit%C3%A9-Groupe-Fiscalit%C3%A9-d&apos;EY-Priv%C3%A9-Montr%C3%A9al-Qu%C3%A9b-H3A-0A8/1270925801/): Non-English page
2026-01-19 23:24:09,754 - ERROR - Failed to parse job 1270862401 (https://careers.ey.com/ey/job/S%C3%A3o-Paulo-JK-Tech-Business-Analyst-S%C3%A3o-04543-011/1270862401/): Non-English page
2026-01-19 23:24:22,209 - ERROR - Failed to parse job 1210110901 (https://careers.ey.com/ey/job/Eschborn-Frankfurt-%28Main%29-Senior-Consultant-pr%C3%BCfungsnahe-Beratung-Gesamtbanksteuerung-%28Financial-Services%29-%28wmd%29-HE-65760/1210110901/): Non-English page
2026-01-19 23:24:22,315 - ERROR - Failed to parse job 1199672701 (https://careers.ey.com/ey/job/Vienna-Bewerbung-f%C3%BCr-CareerLunch-Teilnehmerinnen-1220/1199672701/): Non-English page
2026-01-19 23:24:22,546 - ERROR - Failed to parse job 1210291001 (https://careers.ey.com/ey/job/Eschborn-Frankfurt-%28Main%29-%28Senior%29-Consultant-Tax-internationale-Steuerberatung-deutscher-Gesellschaften-Inbound-%28wmd%29-HE-65760/1210291001/): Non-English page
2026-01-19 23:24:22,913 - ERROR - Failed to parse job 1210113701 (https://careers.ey.com/ey/job/Eschborn-Frankfurt-%28Main%29-Consultant-Geldw%C3%A4schepr%C3%A4vention-Banken-Versicherungen-%28Financial-Services%29-%28wmd%29-HE-65760/1210113701/): Non-English page
2026-01-19 23:24:23,150 - ERROR - Failed to parse job 1210234201 (https://careers.ey.com/ey/job/Eschborn-Frankfurt-%28Main%29-%28Senior%29-Manager-pr%C3%BCfungsnahe-Beratung-Schwerpunkt-Sustainable-Finance-%28Financial-Services%29-%28wmd%29-HE-65760/1210234201/): Non-English page
2026-01-19 23:24:26,493 - ERROR - Failed to parse job 1210324101 (https://careers.ey.com/ey/job/Berlin-%28Senior%29-Manager-Digital-Finance-%28wmd%29-BE-10117/1210324101/): Non-English page
2026-01-19 23:24:27,603 - ERROR - Failed to parse job 1230744001 (https://careers.ey.com/ey/job/Berlin-%28Senior%29-Consultant-Corporate-Tax-Advisory-Steuerberatung-%28wmd%29-BE-10117/1230744001/): Non-English page
2026-01-19 23:24:27,898 - ERROR - Failed to parse job 1210131601 (https://careers.ey.com/ey/job/Berlin-Projekt-Manager-Wirtschaftspr%C3%BCfung-%28Teil-oder-Vollzeit%29-%28wmd%29-BE-10117/1210131601/): Non-English page
2026-01-19 23:24:29,643 - ERROR - Failed to parse job 1210311901 (https://careers.ey.com/ey/job/Berlin-SAP-Finance-&-Controlling-Consultant-%28SAP-FICO%29-%28wmd%29-BE-10117/1210311901/): Non-English page
2026-01-19 23:24:30,534 - ERROR - Failed to parse job 1210317901 (https://careers.ey.com/ey/job/Berlin-SAP-Technical-Project-Manager-%28wmd%29-BE-10117/1210317901/): Non-English page
2026-01-19 23:24:35,977 - ERROR - Failed to parse job 1210506501 (https://careers.ey.com/ey/job/Montr%C3%A9al-Chef-d&apos;%C3%A9quipe-senior-Transformation-de-la-main-d&apos;%C5%93uvre-Services-financiers-Montr%C3%A9al-Qu%C3%A9b-H3A-0A8/1210506501/): Non-English page
2026-01-19 23:24:37,439 - ERROR - Failed to parse job 1220203301 (https://careers.ey.com/ey/job/S%C3%A3o-Paulo-JK-Assessora-ou-Assessor-Tribut%C3%A1rio-Senior-Pre%C3%A7os-de-Transfer%C3%AAncia-S%C3%A3o-04543-011/1220203301/): Non-English page
2026-01-19 23:24:39,085 - ERROR - Failed to parse job 1169426301 (https://careers.ey.com/ey/job/D%C3%BCsseldorf-Manager-Unternehmensberatung-Business-Transformation-%28Financial-Services%29-%28wmd%29-NW-40213/1169426301/): Non-English page
2026-01-19 23:24:39,124 - ERROR - Failed to parse job 1210105301 (https://careers.ey.com/ey/job/D%C3%BCsseldorf-Senior-Consultant-Pr%C3%BCfungsnahe-Beratung-Meldewesen-%28Financial-Services%29-%28wmd%29-NW-40213/1210105301/): Non-English page
2026-01-19 23:24:39,927 - ERROR - Failed to parse job 1199695501 (https://careers.ey.com/ey/job/D%C3%BCsseldorf-%28Senior%29-Manager-Umsatzsteuer-Indirect-Tax-%28wmd%29-NW-40213/1199695501/): Non-English page
2026-01-19 23:24:40,107 - ERROR - Failed to parse job 1210102201 (https://careers.ey.com/ey/job/D%C3%BCsseldorf-%28Senior%29-Manager-pr%C3%BCfungsnahe-Beratung-Banken-%28Financial-Services%29-%28wmd%29-NW-40213/1210102201/): Non-English page
2026-01-19 23:24:41,980 - ERROR - Failed to parse job 1220202901 (https://careers.ey.com/ey/job/Rio-de-Janeiro-Assessora-ou-Assessor-Tribut%C3%A1rio-Senior-Pre%C3%A7os-de-Transfer%C3%AAncia-RJ-22250-040/1220202901/): Non-English page
2026-01-19 23:24:45,617 - ERROR - Failed to parse job 1210480001 (https://careers.ey.com/ey/job/S%C3%A3o-Paulo-JK-Gerente-de-Revenue-Growth-Management-S%C3%A3o-04543-011/1210480001/): Non-English page
2026-01-19 23:24:51,611 - ERROR - Failed to parse job 1270312901 (https://careers.ey.com/ey/job/Eschborn-Frankfurt-%28Main%29-EY-Parthenon-Manager-Cybersecurity-M&A-Strategy-and-Transactions-%28wmd%29-HE-65760/1270312901/): Non-English page
2026-01-19 23:24:57,503 - ERROR - Failed to parse job 1270366301 (https://careers.ey.com/ey/job/S%C3%A3o-Paulo-JK-Engenheiro-%28a%29-de-IA-J%C3%BAnior-S%C3%A3o-04543-011/1270366301/): Non-English page
2026-01-19 23:24:57,879 - ERROR - Failed to parse job 1270335701 (https://careers.ey.com/ey/job/S%C3%A3o-Paulo-JK-Analista-de-Recrutamento-e-Sele%C3%A7%C3%A3o-Pleno-Exclusiva-para-pessoas-com-defici%C3%AAncia-S%C3%A3o-04543-011/1270335701/): Non-English page
2026-01-19 23:25:01,539 - ERROR - Failed to parse job 1270308201 (https://careers.ey.com/ey/job/D%C3%BCsseldorf-Berater-Procurement-Supply-Chain-&-Operations-%28wmd%29-NW-40213/1270308201/): Non-English page
2026-01-19 23:25:19,152 - ERROR - Failed to parse job 1179236201 (https://careers.ey.com/ey/job/Eschborn-Frankfurt-%28Main%29-Senior-Wirtschaftspr%C3%BCfung-Audit-%28wmd%29-HE-65760/1179236201/): Non-English page
2026-01-19 23:25:19,853 - ERROR - Failed to parse job 1230378001 (https://careers.ey.com/ey/job/Eschborn-Frankfurt-%28Main%29-Consultant-Forensic-&-Integrity-Services-%28wmd%29-HE-65760/1230378001/): Non-English page
2026-01-19 23:25:20,113 - ERROR - Failed to parse job 1219569701 (https://careers.ey.com/ey/job/Buenos-Aires-EY-Junior-para-liquidaci%C3%B3n-de-impuestos-CABA-1002/1219569701/): Non-English page
2026-01-19 23:25:20,192 - ERROR - Failed to parse job 1241664101 (https://careers.ey.com/ey/job/Vienna-Accounting-&-Financial-Advisory-bei-EY-%28wmd%29-1220/1241664101/): Non-English page
2026-01-19 23:25:22,827 - ERROR - Failed to parse job 1219648101 (https://careers.ey.com/ey/job/Berlin-%E2%80%9EOut-of-School%2C-rein-zu-EY-Dein-Schnuppertag-in-der-Steuerberatung-%28wmd%29-BE-10117/1219648101/): Non-English page
2026-01-19 23:25:22,995 - ERROR - Failed to parse job 1179227701 (https://careers.ey.com/ey/job/Berlin-Senior-Wirtschaftspr%C3%BCfung-Audit-%28wmd%29-BE-10117/1179227701/): Non-English page
2026-01-19 23:25:23,794 - ERROR - Failed to parse job 1219648701 (https://careers.ey.com/ey/job/Berlin-%E2%80%9EOut-of-School%2C-rein-zu-EY-Dein-Schnuppertag-in-der-Wirtschaftspr%C3%BCfung-%28wmd%29-BE-10117/1219648701/): Non-English page
2026-01-19 23:25:24,506 - ERROR - Failed to parse job 1219649601 (https://careers.ey.com/ey/job/Stuttgart-%E2%80%9EOut-of-School%2C-rein-zu-EY-Dein-Schnuppertag-in-der-Beratung-%28wmd%29-70629/1219649601/): Non-English page
2026-01-19 23:25:28,580 - ERROR - Failed to parse job 1252129101 (https://careers.ey.com/ey/job/S%C3%A3o-Paulo-JK-Assessora-ou-Assessor-Tribut%C3%A1rio-Senior-de-Impostos-Indiretos-S%C3%A3o-Paulo-S%C3%A3o-04543-011/1252129101/): Non-English page
2026-01-19 23:25:30,862 - ERROR - Failed to parse job 1209883001 (https://careers.ey.com/ey/job/D%C3%BCsseldorf-Senior-Consultant-pr%C3%BCfungsnahe-Beratung-Aufsichtsrecht-%28Financial-Services%29-%28wmd%29-NW-40213/1209883001/): Non-English page
2026-01-19 23:25:31,309 - ERROR - Failed to parse job 1230255601 (https://careers.ey.com/ey/job/M%C3%BCnchen-Werkstudent-Transfer-Pricing-%28wmd%29-BY-80636/1230255601/): Non-English page
2026-01-19 23:25:36,050 - ERROR - Failed to parse job 934234701 (https://careers.ey.com/ey/job/Buenos-Aires-Unite-a-EY-Dejanos-tu-CV-CABA-1437/934234701/): Non-English page
2026-01-19 23:25:40,490 - ERROR - Failed to parse job 1252128801 (https://careers.ey.com/ey/job/S%C3%A3o-Paulo-JK-Assessora-ou-Assessor-Tribut%C3%A1rio-Senior-de-Impostos-Indiretos-S%C3%A3o-Paulo-S%C3%A3o-04543-011/1252128801/): Non-English page
2026-01-19 23:25:42,726 - ERROR - Failed to parse job 1209804001 (https://careers.ey.com/ey/job/Berlin-Berater-Digitale-Transformation-&-IT-Strategie-Technology-Strategy-&-Transformation-%28wmd%29-BE-10117/1209804001/): Non-English page
2026-01-19 23:25:44,469 - ERROR - Failed to parse job 1230168601 (https://careers.ey.com/ey/job/Bogota-SAP-SD-DRC-Bogo/1230168601/): Non-English page
2026-01-19 23:25:44,791 - ERROR - Failed to parse job 1083475301 (https://careers.ey.com/ey/job/Montevideo-Senior-para-el-%C3%A1rea-de-Precios-de-Transferencia-%28h%C3%ADbrido%29/1083475301/): Non-English page
2026-01-19 23:25:45,463 - ERROR - Failed to parse job 1230169301 (https://careers.ey.com/ey/job/Cali-SAP-FI-CO-VAC/1230169301/): Non-English page
2026-01-19 23:25:52,512 - ERROR - Failed to parse job 1178789101 (https://careers.ey.com/ey/job/Eschborn-Frankfurt-%28Main%29-%28Senior%29-Manager-Steuerberater-Transaction-Tax-M&A-Tax-%28wmd%29-HE-65760/1178789101/): Non-English page
2026-01-19 23:25:52,917 - ERROR - Failed to parse job 1219080601 (https://careers.ey.com/ey/job/Eschborn-Frankfurt-%28Main%29-EY-Parthenon-Senior-Consultant-Performance-Improvement-Strategy-and-Transactions-%28wmd%29-HE-65760/1219080601/): Non-English page
2026-01-19 23:25:52,955 - ERROR - Failed to parse job 1218828501 (https://careers.ey.com/ey/job/Eschborn-Frankfurt-%28Main%29-EY-Parthenon-Consultant-Deal-Management-&-Execution-Strategy-and-Transactions-%28wmd%29-HE-65760/1218828501/): Non-English page
2026-01-19 23:25:53,124 - ERROR - Failed to parse job 1218774101 (https://careers.ey.com/ey/job/Eschborn-Frankfurt-%28Main%29-Trainee-in-der-Steuerberatung-TaxPLUS-%28wmd%29-HE-65760/1218774101/): Non-English page
2026-01-19 23:25:53,250 - ERROR - Failed to parse job 1251408101 (https://careers.ey.com/ey/job/Vienna-SAP-Specialist-SDMMPP-Beratung-%28mwd%29-1220/1251408101/): Non-English page
2026-01-19 23:25:53,256 - ERROR - Failed to parse job 1178783301 (https://careers.ey.com/ey/job/Eschborn-Frankfurt-%28Main%29-%28Senior%29-Manager-Steuerberater-International-Corporate-Tax-Advisory-%28wmd%29-HE-65760/1178783301/): Non-English page
2026-01-19 23:25:53,540 - ERROR - Failed to parse job 1218793201 (https://careers.ey.com/ey/job/Eschborn-Frankfurt-%28Main%29-Volljurist-Steuerberatung-%28wmd%29-HE-65760/1218793201/): Non-English page
2026-01-19 23:25:56,771 - ERROR - Failed to parse job 1261776401 (https://careers.ey.com/ey/job/Ciudad-de-M%C3%A9xico-Analista-para-el-%C3%A1rea-de-impuestos-CDMX-Ciud-11520/1261776401/): Non-English page
2026-01-19 23:25:56,885 - ERROR - Failed to parse job 1261767701 (https://careers.ey.com/ey/job/Ciudad-de-M%C3%A9xico-Analista-Jr-de-Compliance-Financiero-Contable-Ciud-11520/1261767701/): Non-English page
2026-01-19 23:25:59,355 - ERROR - Failed to parse job 1218853801 (https://careers.ey.com/ey/job/Berlin-EY-Parthenon-Senior-Consultant-Deal-Management-&-Execution-Strategy-and-Transactions-%28wmd%29-BE-10117/1218853801/): Non-English page
2026-01-19 23:26:01,361 - ERROR - Failed to parse job 1178795701 (https://careers.ey.com/ey/job/Berlin-%28Senior%29-Manager-in-der-Steuerberatung-Verrechnungspreise-Transfer-Pricing-%28wmd%29-BE-10117/1178795701/): Non-English page
2026-01-19 23:26:08,228 - ERROR - Failed to parse job 1229897201 (https://careers.ey.com/ey/job/Mannheim-%28Senior%29-Manager-Global-Compensation-People-Advisory-Services-Global-Mobility-%28wmd%29-BW-68163/1229897201/): Non-English page
2026-01-19 23:26:10,485 - ERROR - Failed to parse job 1261810201 (https://careers.ey.com/ey/job/Montr%C3%A9al-Politique-et-contestation-fiscales-Avocat-en-Litiges-Fiscaux-Qu%C3%A9b-H3A-0A8/1261810201/): Non-English page
2026-01-19 23:26:10,743 - ERROR - Failed to parse job 1251592801 (https://careers.ey.com/ey/job/Montr%C3%A9al-Conseiller%28%C3%A8re%29-senior-Comptabilit%C3%A9-financi%C3%A8re-et-Services-consultatifs%2C-ICFR-Qu%C3%A9b-H3A-0A8/1251592801/): Non-English page
2026-01-19 23:26:11,053 - ERROR - Failed to parse job 1218949401 (https://careers.ey.com/ey/job/M%C3%BCnchen-%28Senior%29-Consultant-Beratung-Financial-und-Transaction-Accounting-FAAS-%28wmd%29-BY-80636/1218949401/): Non-English page
2026-01-19 23:26:11,529 - ERROR - Failed to parse job 1251561801 (https://careers.ey.com/ey/job/Montr%C3%A9al-Chef-d&apos;%C3%A9quipe-Comptabilit%C3%A9-financi%C3%A8re-et-Services-consultatifs%2C-ICFR-Qu%C3%A9b-H3A-0A8/1251561801/): Non-English page
2026-01-19 23:26:14,134 - ERROR - Failed to parse job 1251637601 (https://careers.ey.com/ey/job/S%C3%A3o-Paulo-JK-Assessor%28a%29-Tribut%C3%A1rio-Senior-Impostos-Internacionais-S%C3%A3o-04543-011/1251637601/): Non-English page
2026-01-19 23:26:14,331 - ERROR - Failed to parse job 1251643101 (https://careers.ey.com/ey/job/S%C3%A3o-Paulo-JK-Gerente-SAP-OTC-%28SD%29-S%C3%A3o-04543-011/1251643101/): Non-English page
2026-01-19 23:26:17,972 - ERROR - Failed to parse job 1218922201 (https://careers.ey.com/ey/job/D%C3%BCsseldorf-%28Senior%29-Consultant-Finance-and-Accounting-Financial-Accounting-Advisory-Services-FAAS-%28wmd%29-NW-40213/1218922201/): Non-English page
2026-01-19 23:26:18,165 - ERROR - Failed to parse job 1216832601 (https://careers.ey.com/ey/job/Rio-de-Janeiro-Banco-de-Talentos-Consultor-ou-Consultora-em-Gest%C3%A3o-de-Projetos-RJ-22250-040/1216832601/): Non-English page
2026-01-19 23:26:18,930 - ERROR - Failed to parse job 1218929001 (https://careers.ey.com/ey/job/D%C3%BCsseldorf-Consultant-CFO-Career-Starter-Program-Financial-Accounting-Advisory-Services-%28FAAS%29-%28wmd%29-NW-40213/1218929001/): Non-English page
2026-01-19 23:26:22,507 - ERROR - Failed to parse job 1229879001 (https://careers.ey.com/ey/job/M%C3%BCnchen-Praktikant-Verrechnungspreise-Transfer-Pricing-%28wmd%29-BY-80636/1229879001/): Non-English page
2026-01-19 23:26:22,990 - ERROR - Failed to parse job 1219110401 (https://careers.ey.com/ey/job/Eschborn-Frankfurt-%28Main%29-EY-Parthenon-Consultant-Performance-Improvement-Strategy-and-Transactions-%28wmd%29-HE-65760/1219110401/): Non-English page
2026-01-19 23:26:25,259 - ERROR - Failed to parse job 1261412801 (https://careers.ey.com/ey/job/Ciudad-de-M%C3%A9xico-Senior-de-Auditoria-Externa-1-Ciud-11520/1261412801/): Non-English page
2026-01-19 23:26:36,154 - ERROR - Failed to parse job 1188738301 (https://careers.ey.com/ey/job/Eschborn-Frankfurt-%28Main%29-%28Senior%29-Manager-Financial-Accounting-und-Transaction-Accounting-Beratung-%28FAAS%29-%28wmd%29-HE-65760/1188738301/): Non-English page
2026-01-19 23:26:36,949 - ERROR - Failed to parse job 1199195101 (https://careers.ey.com/ey/job/Eschborn-Frankfurt-%28Main%29-Rechtsreferendar-Law-%28Financial-Services%29-%28wmd%29-HE-65760/1199195101/): Non-English page
2026-01-19 23:26:38,932 - ERROR - Failed to parse job 1229298601 (https://careers.ey.com/ey/job/Berlin-Dein-Einstieg-in-die-Tax-Steuerberatung-%28wmd%29-BE-10117/1229298601/): Non-English page
2026-01-19 23:26:39,569 - ERROR - Failed to parse job 1261229201 (https://careers.ey.com/ey/job/Berlin-Berater-Government-&-Public-Sector-Management-%28wmd%29-BE-10117/1261229201/): Non-English page
2026-01-19 23:26:39,615 - ERROR - Failed to parse job 1188772501 (https://careers.ey.com/ey/job/Berlin-%28Senior%29-Manager-Berater-f%C3%BCr-Strategie-und-Transaktionsprojekte-im-Treasury-%28wmd%29-BE-10117/1188772501/): Non-English page
2026-01-19 23:26:40,226 - ERROR - Failed to parse job 1229309201 (https://careers.ey.com/ey/job/Berlin-Dein-Einstieg-in-die-Tax-Steuerberatung-%28wmd%29-BE-10117/1229309201/): Non-English page
2026-01-19 23:26:41,488 - ERROR - Failed to parse job 1240619401 (https://careers.ey.com/ey/job/Stuttgart-Consultant-Wirtschaftspr%C3%BCfung-Audit-%28wmd%29-BW-70629/1240619401/): Non-English page
2026-01-19 23:26:42,477 - ERROR - Failed to parse job 1229288801 (https://careers.ey.com/ey/job/Stuttgart-Dein-Einstieg-in-die-Tax-Steuerberatung-%28wmd%29-BW-70629/1229288801/): Non-English page
2026-01-19 23:26:44,616 - ERROR - Failed to parse job 1251174801 (https://careers.ey.com/ey/job/Toronto-Chef-d&apos;%C3%A9quipe-senior%2C-Services-consultatifs-en-comptabilit%C3%A9-financi%C3%A8re-Services-transactionnels-ON-M5H-0B3/1251174801/): Non-English page
2026-01-19 23:26:47,914 - ERROR - Failed to parse job 1251170601 (https://careers.ey.com/ey/job/Toronto-Conseiller%28%C3%A8re%29-senior-Comptabilit%C3%A9-financi%C3%A8re-et-Services-consultatifs%2C-Services-transactionnels-ON-M5H-0B3/1251170601/): Non-English page
2026-01-19 23:26:49,701 - ERROR - Failed to parse job 1251132001 (https://careers.ey.com/ey/job/S%C3%A3o-Paulo-JK-Banco-de-Talentos-Profissionais-do-Segmento-Tribut%C3%A1rio-S%C3%A3o-04543-011/1251132001/): Non-English page
2026-01-19 23:26:51,151 - ERROR - Failed to parse job 1251128101 (https://careers.ey.com/ey/job/S%C3%A3o-Paulo-JK-Banco-de-Talentos-Profissionais-do-Segmento-Cont%C3%A1bil-S%C3%A3o-04543-011/1251128101/): Non-English page
2026-01-19 23:27:03,246 - ERROR - Failed to parse job 1229318001 (https://careers.ey.com/ey/job/Eschborn-Frankfurt-%28Main%29-Dein-Einstieg-in-die-Tax-Steuerberatung-%28wmd%29-HE-65760/1229318001/): Non-English page
2026-01-19 23:27:05,893 - ERROR - Failed to parse job 1270010101 (https://careers.ey.com/ey/job/Ciudad-de-M%C3%A9xico-Reci%C3%A9n-egresado-en-Derecho-para-Controversia-Fiscal-EY-M%C3%A9xico-Ciud-11520/1270010101/): Non-English page
2026-01-19 23:27:17,856 - ERROR - Failed to parse job 1250674301 (https://careers.ey.com/ey/job/Bogota-Consultor-SAP-PM-Junior-Bogo/1250674301/): Non-English page
2026-01-19 23:27:19,009 - ERROR - Failed to parse job 1250674901 (https://careers.ey.com/ey/job/Bogota-Consultor-SAP-FI-Junior-Bogo/1250674901/): Non-English page
2026-01-19 23:27:23,286 - ERROR - Failed to parse job 1209308601 (https://careers.ey.com/ey/job/Eschborn-Frankfurt-%28Main%29-%28Senior%29-Manager-Forensic-&-Integrity-Services-Data-&-Analytics-%28Financial-Services%29-%28wmd%29-HE-65760/1209308601/): Non-English page
2026-01-19 23:27:23,736 - ERROR - Failed to parse job 1209372401 (https://careers.ey.com/ey/job/Eschborn-Frankfurt-%28Main%29-%28Senior%29-Manager-Insurance-Process-Digitalization-%28Financial-Services%29-%28wmd%29-HE-65760/1209372401/): Non-English page
2026-01-19 23:27:25,602 - ERROR - Failed to parse job 1260725101 (https://careers.ey.com/ey/job/Eschborn-Frankfurt-%28Main%29-%28Senior%29-Consultant-International-Corporate-Tax-Advisory-%28Financial-Services%29-%28wmd%29-HE-65760/1260725101/): Non-English page
2026-01-19 23:27:28,660 - ERROR - Failed to parse job 1224708001 (https://careers.ey.com/ey/job/Ciudad-de-M%C3%A9xico-Consultor-Jr-de-Finanzas-Sostenibles-Ciud-11520/1224708001/): Non-English page
2026-01-19 23:27:31,978 - ERROR - Failed to parse job 1240137401 (https://careers.ey.com/ey/job/Berlin-Consultant-F%C3%B6rdermittelberatung-Innovation-&-Nachhaltigkeit-Global-Incentives-Advisory-%28wmd%29-BE-10117/1240137401/): Non-English page
2026-01-19 23:27:33,404 - ERROR - Failed to parse job 1209302101 (https://careers.ey.com/ey/job/Berlin-Senior-Consultant-Forensic-&-Integrity-Services-%28Financial-Services%29-%28wmd%29-BE-10117/1209302101/): Non-English page
2026-01-19 23:27:36,068 - ERROR - Failed to parse job 1209351301 (https://careers.ey.com/ey/job/Berlin-%28Senior%29-Consultant-Data-Science-AI-and-Data-%28wmd%29-BE-10117/1209351301/): Non-English page
2026-01-19 23:27:40,957 - ERROR - Failed to parse job 1206585101 (https://careers.ey.com/ey/job/Montr%C3%A9al-Professionnel-senior-en-fiscalit%C3%A9-Services-consultatifs%2C-Gens-Mobilit%C3%A9-Montr%C3%A9al-Qu%C3%A9b-H3A-0A8/1206585101/): Non-English page
2026-01-19 23:27:41,118 - ERROR - Failed to parse job 1209296201 (https://careers.ey.com/ey/job/M%C3%BCnchen-%28Senior%29-Manager-Wirtschaftspr%C3%BCfung-Audit-Banken-%28Financial-Services%29-%28wmd%29-BY-80636/1209296201/): Non-English page
2026-01-19 23:27:41,680 - ERROR - Failed to parse job 1209253501 (https://careers.ey.com/ey/job/Freiburg-i_-Br_-Rechtsanwalt-Gesellschaftsrecht-%28wmd%29-BW-79098/1209253501/): Non-English page
2026-01-19 23:27:48,130 - ERROR - Failed to parse job 1209322101 (https://careers.ey.com/ey/job/Hamburg-Senior-Consultant-Wirtschaftspr%C3%BCfung-Audit-Banken-%28Financial-Services%29-%28wmd%29-HH-20148/1209322101/): Non-English page
2026-01-19 23:27:48,706 - ERROR - Failed to parse job 1209421201 (https://careers.ey.com/ey/job/Hamburg-%28Senior%29-Consultant-IT-Sourcing-&-Transformation-Technology-Strategy-&-Transformation-%28wmd%29-HH-20148/1209421201/): Non-English page
2026-01-19 23:27:50,948 - ERROR - Failed to parse job 1200996001 (https://careers.ey.com/ey/job/S%C3%A3o-Paulo-JK-Inside-Sales-Manager-S%C3%A3o-04543-011/1200996001/): Non-English page
2026-01-19 23:27:51,980 - ERROR - Failed to parse job 1250705301 (https://careers.ey.com/ey/job/Belo-Horizonte-Auditora-Externo-S%C3%AAnior-Belo-Horizonte-MG-38082-049/1250705301/): Non-English page
2026-01-19 23:27:53,344 - ERROR - Failed to parse job 1209355501 (https://careers.ey.com/ey/job/Berlin-Berater-AI-Operationalization-MLOps-AI-&-Data-%28wmd%29-BE-10117/1209355501/): Non-English page
2026-01-19 23:27:57,614 - ERROR - Failed to parse job 1269587001 (https://careers.ey.com/ey/job/Ciudad-de-M%C3%A9xico-Analista-Junior-de-Impuestos-1-Ciud-11520/1269587001/): Non-English page
2026-01-19 23:28:00,574 - ERROR - Failed to parse job 1269378001 (https://careers.ey.com/ey/job/Vienna-Digital-Office-Specialist-%28wmd%29-1220/1269378001/): Non-English page
2026-01-19 23:28:14,465 - ERROR - Failed to parse job 1208923601 (https://careers.ey.com/ey/job/Eschborn-Frankfurt-%28Main%29-Consultant-Karrierestart-als-Quantitativer-Analyst-%28Financial-Services%29-%28wmd%29-HE-65760/1208923601/): Non-English page
2026-01-19 23:28:14,744 - ERROR - Failed to parse job 1208936701 (https://careers.ey.com/ey/job/Eschborn-Frankfurt-%28Main%29-Berufseinstieg-innovative-Audit-Execution-%28wmd%29-HE-65760/1208936701/): Non-English page
2026-01-19 23:28:15,030 - ERROR - Failed to parse job 1208917501 (https://careers.ey.com/ey/job/Eschborn-Frankfurt-%28Main%29-EY-Parthenon-Consultant-Valuation%2C-Modelling-&-Economics-%28Financial-Services%29-%28wmd%29-HE-65760/1208917501/): Non-English page
2026-01-19 23:28:17,771 - ERROR - Failed to parse job 1218540601 (https://careers.ey.com/ey/job/Berlin-EY-Parthenon-Senior-Consultant-Transactions-&-Corporate-Finance-Strategy-and-Transactions-%28wmd%29-BE-10117/1218540601/): Non-English page
2026-01-19 23:28:18,279 - ERROR - Failed to parse job 1218465801 (https://careers.ey.com/ey/job/Berlin-EY-Parthenon-%28Senior%29-Consultant-Financial-&-Business-Modeling-Strategy-and-Transactions-%28wmd%29-BE-10117/1218465801/): Non-English page
2026-01-19 23:28:18,688 - ERROR - Failed to parse job 1218507701 (https://careers.ey.com/ey/job/Berlin-EY-Tax-Excellence-Program-High-Potential-Programm-bei-der-Nummer-1-in-der-Steuerberatung-%28wmd%29-BE-10117/1218507701/): Non-English page
2026-01-19 23:28:25,234 - ERROR - Failed to parse job 1208950601 (https://careers.ey.com/ey/job/Berlin-EY-Parthenon-%28Senior%29-Consultant-Real-Estate-Transformation-&-Project-Management-%28wmd%29-BE-10117/1208950601/): Non-English page
2026-01-19 23:28:25,881 - ERROR - Failed to parse job 1208928301 (https://careers.ey.com/ey/job/Stuttgart-Berufseinsteiger-Data-Engineer-in-der-Wirtschaftspr%C3%BCfung-%28wmd%29-BW-70629/1208928301/): Non-English page
2026-01-19 23:28:29,011 - ERROR - Failed to parse job 1260532501 (https://careers.ey.com/ey/job/S%C3%A3o-Paulo-JK-Gerente-SAP-MM-S%C3%A3o-04543-011/1260532501/): Non-English page
2026-01-19 23:28:29,929 - ERROR - Failed to parse job 1250264301 (https://careers.ey.com/ey/job/S%C3%A3o-Paulo-JK-Analista-em-Governan%C3%A7a-de-Dados-Pleno-S%C3%A3o-04543-011/1250264301/): Non-English page
2026-01-19 23:28:30,476 - ERROR - Failed to parse job 1208945601 (https://careers.ey.com/ey/job/M%C3%BCnchen-EY-Parthenon-%28Senior%29-Consultant-Real-Estate-Transaction-Advisory-%28wmd%29-BY-80636/1208945601/): Non-English page
2026-01-19 23:28:34,799 - ERROR - Failed to parse job 1218482301 (https://careers.ey.com/ey/job/D%C3%BCsseldorf-EY-Parthenon-Consultant-Transactions-&-Corporate-Finance-Strategy-and-Transactions-%28wmd%29-NW-40213/1218482301/): Non-English page
2026-01-19 23:28:36,812 - ERROR - Failed to parse job 1250118401 (https://careers.ey.com/ey/job/Belo-Horizonte-Consultor%28a%29-ServiceNow-Senior-MG-38082-049/1250118401/): Non-English page
2026-01-19 23:28:40,239 - ERROR - Failed to parse job 1208933501 (https://careers.ey.com/ey/job/D%C3%BCsseldorf-Consultant-Insurance-Product-Manager-Consulting-%28Financial-Services%29-%28wmd%29-NW-40213/1208933501/): Non-English page
2026-01-19 23:28:41,212 - ERROR - Failed to parse job 1260552101 (https://careers.ey.com/ey/job/S%C3%A3o-Paulo-JK-Desenvolvedor%28a%29-Java-&-SOLR-S%C3%A3o-04543-011/1260552101/): Non-English page
2026-01-19 23:28:41,933 - ERROR - Failed to parse job 1209136901 (https://careers.ey.com/ey/job/S%C3%A3o-Paulo-JK-Gerente-S%C3%AAnior-de-Consultoria%2C-Bancos%2C-S%C3%A3o-Paulo-S%C3%A3o-04543-011/1209136901/): Non-English page
2026-01-19 23:28:42,762 - ERROR - Failed to parse job 1209137601 (https://careers.ey.com/ey/job/S%C3%A3o-Paulo-JK-Gerente-de-Consultoria%2C-Bancos%2C-S%C3%A3o-Paulo-S%C3%A3o-04543-011/1209137601/): Non-English page
2026-01-19 23:28:44,257 - ERROR - Failed to parse job 1268920001 (https://careers.ey.com/ey/job/Youngdeungpo-gu-%EA%B0%90%EC%82%AC%EB%B6%80%EB%AC%B8-%EA%B3%B5%EC%9D%B8%ED%9A%8C%EA%B3%84%EC%82%AC-%EA%B2%BD%EB%A0%A5%EC%A7%81-%281%7E10%EB%85%84%29-150-777/1268920001/): Non-English page
2026-01-19 23:28:45,368 - ERROR - Failed to parse job 1218379401 (https://careers.ey.com/ey/job/Berlin-Projektleiter-Healthcare-Business-Consulting-%28wmd%29-BE-10117/1218379401/): Non-English page
2026-01-19 23:28:46,758 - ERROR - Failed to parse job 1268991601 (https://careers.ey.com/ey/job/Eschborn-Frankfurt-%28Main%29-EY-Parthenon-Manager-Strategy-Commercial-Due-Diligence-&-Value-Creation-%28Financial-Services%29-%28wmd%29-HE-65760/1268991601/): Non-English page
2026-01-19 23:28:48,606 - ERROR - Failed to parse job 1268980101 (https://careers.ey.com/ey/job/Madrid-Pr%C3%A1cticas-Risk-Consulting-Quants-M-28003/1268980101/): Missing title
2026-01-19 23:28:49,710 - ERROR - Failed to parse job 1269200201 (https://careers.ey.com/ey/job/S%C3%A3o-Paulo-JK-Engenheiro-%28a%29-de-Dados-Cloud-Sr-S%C3%A3o-04543-011/1269200201/): Non-English page
2026-01-19 23:28:51,173 - ERROR - Failed to parse job 1269054101 (https://careers.ey.com/ey/job/S%C3%A3o-Paulo-JK-Consultor-ou-Consultora-de-M&A-Exclusiva-para-Pessoas-com-Defici%C3%AAncia-S%C3%A3o-04543-011/1269054101/): Non-English page
2026-01-19 23:28:53,925 - ERROR - Failed to parse job 1269175501 (https://careers.ey.com/ey/job/S%C3%A3o-Paulo-JK-Consultora-S%C3%AAnior-de-Seguran%C3%A7a-Cibern%C3%A9tica-%28foco-em-OT%29-S%C3%A3o-04543-011/1269175501/): Non-English page
2026-01-19 23:28:56,581 - ERROR - Failed to parse job 1269033901 (https://careers.ey.com/ey/job/S%C3%A3o-Paulo-JK-Assessor%28a%29-Tribut%C3%A1rio-Impostos-Trabalhistas-e-Previdenci%C3%A1rios-%28Fus%C3%B5es-e-Aquisi%C3%A7%C3%B5esM&A%29-S%C3%A3o-04543-011/1269033901/): Non-English page
2026-01-19 23:28:56,608 - ERROR - Failed to parse job 1269161901 (https://careers.ey.com/ey/job/S%C3%A3o-Paulo-JK-Assessor%28a%29-Tribut%C3%A1rio-S%C3%AAnior-Impostos-Trabalhistas-e-Previdenci%C3%A1rios-%28Fus%C3%B5es-e-Aquisi%C3%A7%C3%B5esM&A%29-S%C3%A3o-04543-011/1269161901/): Non-English page
2026-01-19 23:28:57,159 - ERROR - Failed to parse job 1269162801 (https://careers.ey.com/ey/job/S%C3%A3o-Paulo-JK-Assessor%28a%29-Tribut%C3%A1rio-S%C3%AAnior-Impostos-Indiretos-%28Fus%C3%B5es-e-Aquisi%C3%A7%C3%B5esM&A%29-S%C3%A3o-04543-011/1269162801/): Non-English page
2026-01-19 23:28:57,284 - ERROR - Failed to parse job 1269158101 (https://careers.ey.com/ey/job/S%C3%A3o-Paulo-JK-Assessor%28a%29-Tribut%C3%A1rio-Impostos-Indiretos-%28Fus%C3%B5es-e-Aquisi%C3%A7%C3%B5esM&A%29-S%C3%A3o-04543-011/1269158101/): Non-English page
2026-01-19 23:29:00,032 - ERROR - Failed to parse job 911236801 (https://careers.ey.com/ey/job/%E6%96%B0%E7%AB%B9%E5%B8%82-%E3%80%90%E5%AF%A9%E8%A8%88%E6%9C%8D%E5%8B%99%E3%80%91%E8%B2%A1%E5%8B%99%E5%A0%B1%E8%A1%A8%E5%AF%A9%E8%A8%88-%E5%89%AF%E7%B5%84%E9%95%B7%E7%B5%84%E9%95%B7%E5%89%AF%E7%90%86-%28%E6%96%B0%E7%AB%B9%29-30078/911236801/): Non-English page
2026-01-19 23:29:00,103 - ERROR - Failed to parse job 911123001 (https://careers.ey.com/ey/job/%E6%96%B0%E7%AB%B9%E5%B8%82-%E3%80%90%E5%AF%A9%E8%A8%88%E6%9C%8D%E5%8B%99%E3%80%91%E8%B2%A1%E5%8B%99%E5%A0%B1%E8%A1%A8%E5%AF%A9%E8%A8%88-%E7%B5%84%E5%93%A1-%28%E6%96%B0%E7%AB%B9%29-30078/911123001/): Non-English page
2026-01-19 23:29:00,355 - ERROR - Failed to parse job 911251601 (https://careers.ey.com/ey/job/%E6%96%B0%E7%AB%B9%E5%B8%82-%E3%80%90%E5%AF%A9%E8%A8%88%E6%9C%8D%E5%8B%99%E3%80%91%E8%B2%A1%E5%8B%99%E5%A0%B1%E8%A1%A8%E5%AF%A9%E8%A8%88-%E7%B6%93%E7%90%86-%28%E6%96%B0%E7%AB%B9%29-30078/911251601/): Non-English page
2026-01-19 23:29:04,039 - ERROR - Failed to parse job 1208579501 (https://careers.ey.com/ey/job/Eschborn-Frankfurt-%28Main%29-EY-Parthenon-Consultant-Transaction-Diligence-%28Financial-Services%29-%28wmd%29-HE-65760/1208579501/): Non-English page
2026-01-19 23:29:04,473 - ERROR - Failed to parse job 911234401 (https://careers.ey.com/ey/job/%E5%8F%B0%E5%8C%97%E5%B8%82-%E3%80%90%E5%AF%A9%E8%A8%88%E6%9C%8D%E5%8B%99%E3%80%91%E8%B2%A1%E5%8B%99%E5%A0%B1%E8%A1%A8%E5%AF%A9%E8%A8%88-%E5%89%AF%E7%B5%84%E9%95%B7%E7%B5%84%E9%95%B7%E5%89%AF%E7%90%86-%28%E5%8F%B0%E5%8C%97%29-11012/911234401/): Non-English page
2026-01-19 23:29:04,781 - ERROR - Failed to parse job 911127801 (https://careers.ey.com/ey/job/%E5%8F%B0%E5%8C%97%E5%B8%82-%E3%80%90%E5%AF%A9%E8%A8%88%E6%9C%8D%E5%8B%99%E3%80%91%E8%B2%A1%E5%8B%99%E6%9C%83%E8%A8%88%E8%AB%AE%E8%A9%A2%E6%9C%8D%E5%8B%99-%E7%B5%84%E5%93%A1-11012/911127801/): Non-English page
2026-01-19 23:29:04,856 - ERROR - Failed to parse job 830517501 (https://careers.ey.com/ey/job/%E5%8F%B0%E5%8C%97%E5%B8%82-%E3%80%90%E5%AF%A9%E8%A8%88%E6%9C%8D%E5%8B%99%E3%80%91%E8%B2%A1%E5%8B%99%E5%A0%B1%E8%A1%A8%E5%AF%A9%E8%A8%88-%E7%B5%84%E5%93%A1-%28%E5%8F%B0%E5%8C%97%29-11012/830517501/): Non-English page
2026-01-19 23:29:05,164 - ERROR - Failed to parse job 911235701 (https://careers.ey.com/ey/job/%E5%8F%B0%E5%8C%97%E5%B8%82-%E3%80%90%E5%AF%A9%E8%A8%88%E6%9C%8D%E5%8B%99%E3%80%91%E8%B2%A1%E5%8B%99%E5%A0%B1%E8%A1%A8%E5%AF%A9%E8%A8%88-%E7%B6%93%E7%90%86-%28%E5%8F%B0%E5%8C%97%29-11012/911235701/): Non-English page
2026-01-19 23:29:05,519 - ERROR - Failed to parse job 911258301 (https://careers.ey.com/ey/job/%E5%8F%B0%E5%8C%97%E5%B8%82-%E3%80%90%E5%AF%A9%E8%A8%88%E6%9C%8D%E5%8B%99%E3%80%91%E8%B2%A1%E5%8B%99%E6%9C%83%E8%A8%88%E8%AB%AE%E8%A9%A2%E6%9C%8D%E5%8B%99-%E5%89%AF%E7%B5%84%E9%95%B7%E7%B5%84%E9%95%B7%E5%89%AF%E7%90%86-11012/911258301/): Non-English page
2026-01-19 23:29:05,899 - ERROR - Failed to parse job 911258901 (https://careers.ey.com/ey/job/%E5%8F%B0%E5%8C%97%E5%B8%82-%E3%80%90%E5%AF%A9%E8%A8%88%E6%9C%8D%E5%8B%99%E3%80%91%E8%B2%A1%E5%8B%99%E6%9C%83%E8%A8%88%E8%AB%AE%E8%A9%A2%E6%9C%8D%E5%8B%99-%E7%B6%93%E7%90%86-11012/911258901/): Non-English page
2026-01-19 23:29:07,333 - ERROR - Failed to parse job 1109331601 (https://careers.ey.com/ey/job/Ribeir%C3%A3o-Preto-Consultor-S%C3%AAnior-de-Auditoria-Interna-Processos-e-Controles-S%C3%A3o-140272-50/1109331601/): Non-English page
2026-01-19 23:29:14,176 - ERROR - Failed to parse job 1215198801 (https://careers.ey.com/ey/job/Stuttgart-Duales-Studium-im-Bereich-Wirtschaftspr%C3%BCfung-Versicherungen-%28Financial-Services%29-%28wmd%29-BW-70629/1215198801/): Non-English page
2026-01-19 23:29:14,762 - ERROR - Failed to parse job 911245801 (https://careers.ey.com/ey/job/%E9%AB%98%E9%9B%84%E5%B8%82-%E3%80%90%E5%AF%A9%E8%A8%88%E6%9C%8D%E5%8B%99%E3%80%91%E8%B2%A1%E5%8B%99%E5%A0%B1%E8%A1%A8%E5%AF%A9%E8%A8%88-%E5%89%AF%E7%B5%84%E9%95%B7%E7%B5%84%E9%95%B7%E5%89%AF%E7%90%86-%28%E9%AB%98%E9%9B%84%29-80052/911245801/): Non-English page
2026-01-19 23:29:14,933 - ERROR - Failed to parse job 911125801 (https://careers.ey.com/ey/job/%E9%AB%98%E9%9B%84%E5%B8%82-%E3%80%90%E5%AF%A9%E8%A8%88%E6%9C%8D%E5%8B%99%E3%80%91%E8%B2%A1%E5%8B%99%E5%A0%B1%E8%A1%A8%E5%AF%A9%E8%A8%88-%E7%B5%84%E5%93%A1-%28%E9%AB%98%E9%9B%84%29-80052/911125801/): Non-English page
2026-01-19 23:29:15,923 - ERROR - Failed to parse job 911250901 (https://careers.ey.com/ey/job/%E5%8F%B0%E5%8D%97%E5%B8%82-%E3%80%90%E5%AF%A9%E8%A8%88%E6%9C%8D%E5%8B%99%E3%80%91%E8%B2%A1%E5%8B%99%E5%A0%B1%E8%A1%A8%E5%AF%A9%E8%A8%88-%E7%B6%93%E7%90%86-%28%E5%8F%B0%E5%8D%97%29-70051/911250901/): Non-English page
2026-01-19 23:29:16,502 - ERROR - Failed to parse job 911245101 (https://careers.ey.com/ey/job/%E5%8F%B0%E5%8D%97%E5%B8%82-%E3%80%90%E5%AF%A9%E8%A8%88%E6%9C%8D%E5%8B%99%E3%80%91%E8%B2%A1%E5%8B%99%E5%A0%B1%E8%A1%A8%E5%AF%A9%E8%A8%88-%E5%89%AF%E7%B5%84%E9%95%B7%E7%B5%84%E9%95%B7%E5%89%AF%E7%90%86-%28%E5%8F%B0%E5%8D%97%29-70051/911245101/): Non-English page
2026-01-19 23:29:16,648 - ERROR - Failed to parse job 911124801 (https://careers.ey.com/ey/job/%E5%8F%B0%E5%8D%97%E5%B8%82-%E3%80%90%E5%AF%A9%E8%A8%88%E6%9C%8D%E5%8B%99%E3%80%91%E8%B2%A1%E5%8B%99%E5%A0%B1%E8%A1%A8%E5%AF%A9%E8%A8%88-%E7%B5%84%E5%93%A1-%28%E5%8F%B0%E5%8D%97%29-70051/911124801/): Non-English page
2026-01-19 23:29:17,143 - ERROR - Failed to parse job 1208401801 (https://careers.ey.com/ey/job/M%C3%BCnchen-EY-Parthenon-Senior-Consultant-Transaction-Diligence-%28Financial-Services%29-%28wmd%29-BY-80636/1208401801/): Non-English page
2026-01-19 23:29:18,744 - ERROR - Failed to parse job 911244301 (https://careers.ey.com/ey/job/%E5%8F%B0%E4%B8%AD%E5%B8%82-%E3%80%90%E5%AF%A9%E8%A8%88%E6%9C%8D%E5%8B%99%E3%80%91%E8%B2%A1%E5%8B%99%E5%A0%B1%E8%A1%A8%E5%AF%A9%E8%A8%88-%E5%89%AF%E7%B5%84%E9%95%B7%E7%B5%84%E9%95%B7%E5%89%AF%E7%90%86-%28%E5%8F%B0%E4%B8%AD%29-40341/911244301/): Non-English page
2026-01-19 23:29:18,867 - ERROR - Failed to parse job 911124601 (https://careers.ey.com/ey/job/%E5%8F%B0%E4%B8%AD%E5%B8%82-%E3%80%90%E5%AF%A9%E8%A8%88%E6%9C%8D%E5%8B%99%E3%80%91%E8%B2%A1%E5%8B%99%E5%A0%B1%E8%A1%A8%E5%AF%A9%E8%A8%88-%E7%B5%84%E5%93%A1-%28%E5%8F%B0%E4%B8%AD%29-40341/911124601/): Non-English page
2026-01-19 23:29:19,462 - ERROR - Failed to parse job 1260167201 (https://careers.ey.com/ey/job/S%C3%A3o-Paulo-JK-Sales-Executive-Manager-S%C3%A3o-04543-011/1260167201/): Non-English page
2026-01-19 23:29:20,408 - ERROR - Failed to parse job 1208409001 (https://careers.ey.com/ey/job/M%C3%BCnchen-EY-Parthenon-%28Senior%29-Manager-Transaction-Diligence-Versicherungen-%28Financial-Services%29-%28wmd%29-BY-80636/1208409001/): Non-English page
2026-01-19 23:29:20,479 - ERROR - Failed to parse job 911236301 (https://careers.ey.com/ey/job/%E6%A1%83%E5%9C%92%E5%B8%82-%E3%80%90%E5%AF%A9%E8%A8%88%E6%9C%8D%E5%8B%99%E3%80%91%E8%B2%A1%E5%8B%99%E5%A0%B1%E8%A1%A8%E5%AF%A9%E8%A8%88-%E5%89%AF%E7%B5%84%E9%95%B7%E7%B5%84%E9%95%B7%E5%89%AF%E7%90%86-%28%E6%A1%83%E5%9C%92%29-33045/911236301/): Non-English page
2026-01-19 23:29:22,715 - ERROR - Failed to parse job 1229020301 (https://careers.ey.com/ey/job/D%C3%BCsseldorf-Microsoft-Dynamics-365-Microsoft-Power-Platform-Berater-Digital-Engineering-%28wmd%29-NW-40213/1229020301/): Non-English page
2026-01-19 23:29:25,671 - ERROR - Failed to parse job 1260155601 (https://careers.ey.com/ey/job/Rio-de-Janeiro-Consultor-Tribut%C3%A1rio-J%C3%BAnior-Tributos-Diretos-RJ-22250-040/1260155601/): Non-English page
2026-01-19 23:29:33,711 - ERROR - Failed to parse job 1268771501 (https://careers.ey.com/ey/job/S%C3%A3o-Paulo-JK-Assistente-de-Tributos-S%C3%A3o-04543-011/1268771501/): Non-English page
2026-01-19 23:29:34,024 - ERROR - Failed to parse job 1268772101 (https://careers.ey.com/ey/job/S%C3%A3o-Paulo-JK-Analista-S%C3%AAnior-de-Controle-e-Gest%C3%A3o-S%C3%A3o-04543-011/1268772101/): Non-English page
2026-01-19 23:29:35,759 - ERROR - Failed to parse job 1268594001 (https://careers.ey.com/ey/job/S%C3%A3o-Paulo-JK-Assessor%28a%29-Tribut%C3%A1rio-S%C3%AAnior-Impostos-Diretos-%28Fus%C3%B5es-e-Aquisi%C3%A7%C3%B5esM&A%29-S%C3%A3o-04543-011/1268594001/): Non-English page
2026-01-19 23:29:37,466 - ERROR - Failed to parse job 1268626501 (https://careers.ey.com/ey/job/Ribeir%C3%A3o-Preto-Gerente-Tribut%C3%A1rio-de-Impostos-Indiretos-Ribeir%C3%A3o-Preto-S%C3%A3o-140272-50/1268626501/): Non-English page
2026-01-19 23:29:44,619 - ERROR - Failed to parse job 1207605601 (https://careers.ey.com/ey/job/Eschborn-Frankfurt-%28Main%29-%28Senior%29-Manager-Steuerberatung-Tax-Transfer-Pricing-%28Financial-Services%29-%28wmd%29-HE-65760/1207605601/): Non-English page
2026-01-19 23:29:44,843 - ERROR - Failed to parse job 1207812501 (https://careers.ey.com/ey/job/Eschborn-Frankfurt-%28Main%29-%28Senior%29-Consultant-Payments-%28Financial-Services%29-%28wmd%29-HE-65760/1207812501/): Non-English page
2026-01-19 23:29:45,540 - ERROR - Failed to parse job 1208139401 (https://careers.ey.com/ey/job/Eschborn-Frankfurt-%28Main%29-EY-Parthenon-Senior-Consultant-Restructuring-Strategy-&-Transactions-%28Financial-Services%29-%28wmd%29-HE-65760/1208139401/): Non-English page
2026-01-19 23:29:45,849 - ERROR - Failed to parse job 1217308601 (https://careers.ey.com/ey/job/Eschborn-Frankfurt-%28Main%29-EY-Parthenon-Manager-Risk-&-Regulatory-Transaction-Diligence-%28Financial-Services%29-%28wmd%29-HE-65760/1217308601/): Non-English page
2026-01-19 23:29:46,458 - ERROR - Failed to parse job 1207595001 (https://careers.ey.com/ey/job/Eschborn-Frankfurt-%28Main%29-%28Senior%29-Consultant-Sustainable-Finance-pr%C3%BCfungsnahe-Beratung-%28Financial-Services%29-%28wmd%29-HE-65760/1207595001/): Non-English page
2026-01-19 23:29:46,499 - ERROR - Failed to parse job 1207583001 (https://careers.ey.com/ey/job/Eschborn-Frankfurt-%28Main%29-%28Senior%29-Internal-Auditor-Banking-%28Financial-Services%29-%28wmd%29-HE-65760/1207583001/): Non-English page
2026-01-19 23:29:46,842 - ERROR - Failed to parse job 1217401601 (https://careers.ey.com/ey/job/Eschborn-Frankfurt-%28Main%29-EY-Parthenon-Consultant-IT-und-digital-Ecosystems-%28Financial-Services%29-%28wmd%29-HE-65760/1217401601/): Non-English page
2026-01-19 23:29:46,860 - ERROR - Failed to parse job 1216986901 (https://careers.ey.com/ey/job/Eschborn-Frankfurt-%28Main%29-Rechtsreferendar-Steuerberatung-%28wmd%29-HE-65760/1216986901/): Non-English page
2026-01-19 23:29:49,119 - ERROR - Failed to parse job 1217013101 (https://careers.ey.com/ey/job/Berlin-Praktikum-F%C3%B6rdermittelberatung-F%C3%B6rdermittelmanagement-und-Prozessberatung-%28wmd%29-BE-10117/1217013101/): Non-English page
2026-01-19 23:29:49,768 - ERROR - Failed to parse job 1217075301 (https://careers.ey.com/ey/job/Berlin-Werkstudent-National-Office-Tax-%28wmd%29-BE-10117/1217075301/): Non-English page
2026-01-19 23:29:49,983 - ERROR - Failed to parse job 1207347001 (https://careers.ey.com/ey/job/Berlin-%28Senior%29-Consultant-Credit-Management-%28Financial-Services%29-%28wmd%29-BE-10117/1207347001/): Non-English page
2026-01-19 23:29:50,353 - ERROR - Failed to parse job 1217082201 (https://careers.ey.com/ey/job/Berlin-Praktikant-National-Office-%28wmd%29-BE-10117/1217082201/): Non-English page
2026-01-19 23:29:50,574 - ERROR - Failed to parse job 1239767801 (https://careers.ey.com/ey/job/Berlin-Berater-f%C3%BCr-Project-&-Program-Management-Business-Transformation-%28wmd%29-BE-10117/1239767801/): Non-English page
2026-01-19 23:29:50,790 - ERROR - Failed to parse job 1207814101 (https://careers.ey.com/ey/job/Berlin-Berater-Operating-Model-&-Transformation-Delivery-Technology-Strategy-&-Transformation-%28wmd%29-BE-10117/1207814101/): Non-English page
2026-01-19 23:29:51,146 - ERROR - Failed to parse job 1239774401 (https://careers.ey.com/ey/job/Berlin-Duales-Studium-in-der-Unternehmensberatung-Bereich-Financial-Accounting-Advisory-Services-%28wmd%29-BE-10117/1239774401/): Non-English page
2026-01-19 23:29:53,635 - ERROR - Failed to parse job 1217085401 (https://careers.ey.com/ey/job/Stuttgart-Werkstudent-in-der-Rechtsberatung-EY-Law-%28wmd%29-BW-70629/1217085401/): Non-English page
2026-01-19 23:29:54,894 - ERROR - Failed to parse job 1239729701 (https://careers.ey.com/ey/job/Stuttgart-Duales-Studium-im-Bereich-Wirtschaftspr%C3%BCfung-Banken-%28Financial-Services%29-%28wmd%29-BW-70629/1239729701/): Non-English page
2026-01-19 23:29:55,172 - ERROR - Failed to parse job 1056345001 (https://careers.ey.com/ey/job/Tel-Aviv-%D7%A2%D7%95%D7%93-%D7%9C%D7%A6%D7%95%D7%95%D7%AA-%D7%9E%D7%99%D7%A1%D7%95%D7%99-%D7%A2%D7%A7%D7%99%D7%A3-1-6706703/1056345001/): Non-English page
2026-01-19 23:29:55,810 - ERROR - Failed to parse job 1217645901 (https://careers.ey.com/ey/job/Stuttgart-%28Senior%29-Consultant-Verg%C3%BCtungSteuerberatung-People-Advisory-Services-%28wmd%29-BW-70629/1217645901/): Non-English page
2026-01-19 23:30:00,974 - ERROR - Failed to parse job 1207510501 (https://careers.ey.com/ey/job/M%C3%BCnchen-%28Senior%29-Consultant-Insurance-Process-&-Platform-Transformation-%28Financial-Services%29-%28wmd%29-BY-80636/1207510501/): Non-English page
2026-01-19 23:30:01,204 - ERROR - Failed to parse job 1239626701 (https://careers.ey.com/ey/job/Montr%C3%A9al-Conseiller-senior-Information-sur-la-durabilit%C3%A9-Services-de-certification-Qu%C3%A9b-H3A-0A8/1239626701/): Non-English page
2026-01-19 23:30:02,458 - ERROR - Failed to parse job 1207486401 (https://careers.ey.com/ey/job/M%C3%BCnchen-Berater-Public-Sector-Informationsmanagement-%28wmd%29-BY-80636/1207486401/): Non-English page
2026-01-19 23:30:07,778 - ERROR - Failed to parse job 765856801 (https://careers.ey.com/ey/job/Chiyoda-EYP-Strategy-100-0006/765856801/): Non-English page
2026-01-19 23:30:10,557 - ERROR - Failed to parse job 1207468201 (https://careers.ey.com/ey/job/Hamburg-%28Senior%29-Manager-ServiceNow-People-Consulting-%28wmd%29-HH-20148/1207468201/): Non-English page
2026-01-19 23:30:11,672 - ERROR - Failed to parse job 1217068101 (https://careers.ey.com/ey/job/Eschborn-Frankfurt-%28Main%29-Ausbildung-zur-zum-Steuerfachangestellten-%28wmd%29-HE-65760/1217068101/): Non-English page
2026-01-19 23:30:12,025 - ERROR - Failed to parse job 1217003401 (https://careers.ey.com/ey/job/Hannover-Wissenschaftlicher-Mitarbeiter-Tax-Quality-National-Office-%28wmd%29-NI-30159/1217003401/): Non-English page
2026-01-19 23:30:12,291 - ERROR - Failed to parse job 1207339401 (https://careers.ey.com/ey/job/D%C3%BCsseldorf-Consultant-Risk-Management-Consulting-%28Financial-Services%29-%28wmd%29-NW-40213/1207339401/): Non-English page
2026-01-19 23:30:12,462 - ERROR - Failed to parse job 1217342001 (https://careers.ey.com/ey/job/Hannover-Wissenschaftlicher-Mitarbeiter-in-der-Rechtsberatung-Corporate-Commercial-EY-Law-%28wmd%29-NI-30159/1217342001/): Non-English page
2026-01-19 23:30:13,480 - ERROR - Failed to parse job 1217022801 (https://careers.ey.com/ey/job/D%C3%BCsseldorf-Werkstudent-People-Advisory-Services-Global-Mobility-International-Social-Security-%28wmd%29-NW-40213/1217022801/): Non-English page
2026-01-19 23:30:13,739 - ERROR - Failed to parse job 1217055701 (https://careers.ey.com/ey/job/Hannover-Werkstudent-Tax-Quality-National-Office-%28wmd%29-NI-30159/1217055701/): Non-English page
2026-01-19 23:30:13,951 - ERROR - Failed to parse job 1217718301 (https://careers.ey.com/ey/job/Rio-de-Janeiro-Assessora-ou-Assessor-Tribut%C3%A1rio-S%C3%AAnior-Impostos-Diretos-RJ-22250-040/1217718301/): Non-English page
2026-01-19 23:30:14,185 - ERROR - Failed to parse job 998182801 (https://careers.ey.com/ey/job/Buenos-Aires-EY-Junior-de-IT-CABA-1437/998182801/): Non-English page
2026-01-19 23:30:14,689 - ERROR - Failed to parse job 1217038801 (https://careers.ey.com/ey/job/Berlin-Praktikum-Steuerberatung-Real-Estate-%28wmd%29-BE-10117/1217038801/): Non-English page
2026-01-19 23:30:15,127 - ERROR - Failed to parse job 1216995101 (https://careers.ey.com/ey/job/Berlin-Werkstudent-Tax-Technology-VAT-%28wmd%29-BE-10117/1216995101/): Non-English page
2026-01-19 23:30:15,719 - ERROR - Failed to parse job 1217343501 (https://careers.ey.com/ey/job/Eschborn-Frankfurt-%28Main%29-Manager-Financial-Crime%2C-Compliance-und-Conduct-Consulting-%28Financial-Services%29-%28wmd%29-HE-65760/1217343501/): Non-English page
2026-01-19 23:30:15,835 - ERROR - Failed to parse job 1217045901 (https://careers.ey.com/ey/job/Berlin-Werkstudent-Steuerberatung-Real-Estate-%28wmd%29-BE-10117/1217045901/): Non-English page
2026-01-19 23:30:21,941 - ERROR - Failed to parse job 1169498501 (https://careers.ey.com/ey/job/Montr%C3%A9al-Comptable-S%C3%A9nior-EY-Priv%C3%A9-Services-conseils-Entreprise-Certification-Qu%C3%A9b-H3A-0A8/1169498501/): Non-English page
2026-01-19 23:30:22,375 - ERROR - Failed to parse job 1207540601 (https://careers.ey.com/ey/job/Berlin-Berater-Cloud-Emerging-Technology-%28wmd%29-BE-10117/1207540601/): Non-English page
2026-01-19 23:30:24,499 - ERROR - Failed to parse job 1268384801 (https://careers.ey.com/ey/job/Buenos-Aires-EY-Senior-de-Consultor%C3%ADa-en-Business-Transformation-para-industria-financiera-CABA-1437/1268384801/): Non-English page
2026-01-19 23:30:26,043 - ERROR - Failed to parse job 1268348001 (https://careers.ey.com/ey/job/Toronto-Avocat%28e%29-Services-en-immigration-%C3%A0-des-fins-d&apos;affaires%2C-%C3%89tats-Unis-ON-M5H-0B3/1268348001/): Non-English page
2026-01-19 23:30:26,787 - ERROR - Failed to parse job 1268197101 (https://careers.ey.com/ey/job/S%C3%A3o-Paulo-JK-Engenheiro-de-Dados-Sr-S%C3%A3o-04543-011/1268197101/): Non-English page
2026-01-19 23:30:28,397 - ERROR - Failed to parse job 1268367201 (https://careers.ey.com/ey/job/S%C3%A3o-Paulo-JK-Engenheiro-%28a%29-de-Dados-LLM-S%C3%A3o-04543-011/1268367201/): Non-English page
2026-01-19 23:30:38,443 - ERROR - Failed to parse job 1227864801 (https://careers.ey.com/ey/job/Eschborn-Frankfurt-%28Main%29-%28Senior%29-Consultant-Regulatory%2C-Risk-&-Compliance-Transformation-Hub-%28Financial-Services%29-%28wmd%29-HE-65760/1227864801/): Non-English page
2026-01-19 23:30:39,429 - ERROR - Failed to parse job 1227776101 (https://careers.ey.com/ey/job/Eschborn-Frankfurt-%28Main%29-Senior-Consultant-Wirtschaftspr%C3%BCfung-Audit-Wealth-&-Asset-Management-%28Financial-Services%29-%28wmd%29-HE-65760/1227776101/): Non-English page
2026-01-19 23:30:44,475 - ERROR - Failed to parse job 856131401 (https://careers.ey.com/ey/job/S%C3%A3o-Paulo-JK-Banco-de-Talentos-Vagas-exclusivas-na-%C3%A1rea-de-Neg%C3%B3cios-para-Pessoas-com-Defici%C3%AAncia-S%C3%A3o-04543-011/856131401/): Non-English page
2026-01-19 23:30:45,196 - ERROR - Failed to parse job 1249697601 (https://careers.ey.com/ey/job/S%C3%A3o-Paulo-JK-Analista-de-Tributos-Indiretos-S%C3%A3o-04543-011/1249697601/): Non-English page
2026-01-19 23:30:45,490 - ERROR - Failed to parse job 1239466901 (https://careers.ey.com/ey/job/M%C3%BCnchen-EY-Parthenon-Senior-Consultant-Insurance-Strategy-%28Financial-Services%29-%28wmd%29-BY-80636/1239466901/): Non-English page
2026-01-19 23:30:45,933 - ERROR - Failed to parse job 1238907601 (https://careers.ey.com/ey/job/S%C3%A3o-Paulo-JK-Information-Security-Manager-S%C3%A3o-04543-011/1238907601/): Non-English page
2026-01-19 23:30:45,990 - ERROR - Failed to parse job 1239491001 (https://careers.ey.com/ey/job/S%C3%A3o-Paulo-JK-Engenheiro-de-Dados-Cloud-FICO-S%C3%A3o-04543-011/1239491001/): Non-English page
2026-01-19 23:30:49,611 - ERROR - Failed to parse job 1239460001 (https://careers.ey.com/ey/job/Hamburg-EY-Parthenon-Consultant-Strategy-%28Financial-Services%29-%28wmd%29-HH-20148/1239460001/): Non-English page
2026-01-19 23:30:55,968 - ERROR - Failed to parse job 1259747501 (https://careers.ey.com/ey/job/Ciudad-de-M%C3%A9xico-Gerente-de-Regulaci%C3%B3n-Contable-y-Financiera-Sector-Bancario-Ciud-11520/1259747501/): Non-English page
2026-01-19 23:30:58,144 - ERROR - Failed to parse job 1238711201 (https://careers.ey.com/ey/job/Bogota-OpenShift-Administrator-Bogo/1238711201/): Non-English page
2026-01-19 23:31:05,044 - ERROR - Failed to parse job 1238240001 (https://careers.ey.com/ey/job/Eschborn-Frankfurt-%28Main%29-EY-Parthenon-Consultant-HR-Transactions-Strategy-and-Transactions-%28wmd%29-HE-65760/1238240001/): Non-English page
2026-01-19 23:31:05,953 - ERROR - Failed to parse job 1216463701 (https://careers.ey.com/ey/job/Eschborn-Frankfurt-%28Main%29-EY-Parthenon-Senior-Consultant-Transaction-Strategy-&-Execution-%28Financial-Services%29-%28wmd%29-HE-65760/1216463701/): Non-English page
2026-01-19 23:31:06,190 - ERROR - Failed to parse job 1216073701 (https://careers.ey.com/ey/job/Eschborn-Frankfurt-%28Main%29-Berufseinsteiger-Quereinsteiger-SAP-Steuerberatung-Tax-%28wmd%29-HE-65760/1216073701/): Non-English page
2026-01-19 23:31:08,279 - ERROR - Failed to parse job 1249061101 (https://careers.ey.com/ey/job/Vienna-Beratung-f%C3%BCr-Technology-Risk-&-Cyber-Future-bei-EY-%28wmd%29-1220/1249061101/): Non-English page
2026-01-19 23:31:08,977 - ERROR - Failed to parse job 1259401001 (https://careers.ey.com/ey/job/Vienna-Initiativbewerbung-f%C3%BCr-die-Wirtschaftspr%C3%BCfung-1220/1259401001/): Non-English page
2026-01-19 23:31:09,946 - ERROR - Failed to parse job 1259576801 (https://careers.ey.com/ey/job/Buenos-Aires-EY-Web-and-Content-Specialist-Senior-CABA-1002/1259576801/): Non-English page
2026-01-19 23:31:14,293 - ERROR - Failed to parse job 1259703901 (https://careers.ey.com/ey/job/Buenos-Aires-EY-Consultoresas-Senior-de-Ciberseguridad-CABA-1437/1259703901/): Non-English page
2026-01-19 23:31:16,553 - ERROR - Failed to parse job 1227287701 (https://careers.ey.com/ey/job/Berlin-Rechtsanwalt-Corporate-M&A-EY-Law-%28wmd%29-BE-10117/1227287701/): Non-English page
2026-01-19 23:31:21,527 - ERROR - Failed to parse job 1216466401 (https://careers.ey.com/ey/job/M%C3%BCnchen-Werkstudent-IT-Beratung-%28Financial-Services%29-%28wmd%29-BY-80636/1216466401/): Non-English page
2026-01-19 23:31:22,627 - ERROR - Failed to parse job 1216446801 (https://careers.ey.com/ey/job/M%C3%BCnchen-EY-Parthenon-Praktikant-Sports-Industry-Group-Strategy-and-Execution-%28wmd%29-BY-80636/1216446801/): Non-English page
2026-01-19 23:31:23,019 - ERROR - Failed to parse job 1216488201 (https://careers.ey.com/ey/job/M%C3%BCnchen-Praktikant-GIS-Programmierung-&-Data-Analytics-im-Bereich-Digitale-Infrastruktur-%28wmd%29-BY-80636/1216488201/): Non-English page
2026-01-19 23:31:23,886 - ERROR - Failed to parse job 1227313801 (https://careers.ey.com/ey/job/M%C3%BCnchen-%28Senior%29-Consultant-IT-Audit-Informationssicherheit-Compliance-Technology-Risk-%28wmd%29-BY-80636/1227313801/): Non-English page
2026-01-19 23:31:24,057 - ERROR - Failed to parse job 1216453001 (https://careers.ey.com/ey/job/M%C3%BCnchen-%28Promovierter%29-Volkswirt-im-Bereich-Transfer-Pricing-%28wmd%29-BY-80636/1216453001/): Non-English page
2026-01-19 23:31:24,880 - ERROR - Failed to parse job 1238828501 (https://careers.ey.com/ey/job/Montr%C3%A9al-Consultant-senior-ou-chef-d&apos;%C3%A9quipe%2C-Soutien-en-mati%C3%A8re-de-contrats-et-de-m%C3%A9canismes-de-cl%C3%B4ture-Qu%C3%A9b-H3A-0A8/1238828501/): Non-English page
2026-01-19 23:31:27,327 - ERROR - Failed to parse job 1165528401 (https://careers.ey.com/ey/job/S%C3%A3o-Paulo-JK-Consultor-Sr-de-Due-Diligence-Exclusiva-PcD-S%C3%A3o-04543-011/1165528401/): Non-English page
2026-01-19 23:31:28,717 - ERROR - Failed to parse job 1249251001 (https://careers.ey.com/ey/job/S%C3%A3o-Paulo-JK-Pessoa-Assessora-Executiva-Junior-Exclusiva-para-Pessoas-com-Defici%C3%AAncia-S%C3%A3o-04543-011/1249251001/): Non-English page
2026-01-19 23:31:31,436 - ERROR - Failed to parse job 1186929601 (https://careers.ey.com/ey/job/D%C3%BCsseldorf-%28Senior%29-Consultant-Japan-Business-Services-Tax-Steuerberatung-%28wmd%29-NW-40213/1186929601/): Non-English page
2026-01-19 23:31:31,749 - ERROR - Failed to parse job 1259442601 (https://careers.ey.com/ey/job/D%C3%BCsseldorf-%28Senior%29-Business-Analyst-Software-Requirements-Engineer-%28wmd%29-NW-40213/1259442601/): Non-English page
2026-01-19 23:31:32,052 - ERROR - Failed to parse job 1216497701 (https://careers.ey.com/ey/job/D%C3%BCsseldorf-Praktikant-im-Bereich-Digitale-Infrastruktur-%28wmd%29-NW-40213/1216497701/): Non-English page
2026-01-19 23:31:34,163 - ERROR - Failed to parse job 1068699901 (https://careers.ey.com/ey/job/Santiago-Consultores-Senior-de-Estrategia-en-Transformaci%C3%B3n-de-Negocios-Regi/1068699901/): Non-English page
2026-01-19 23:31:36,274 - ERROR - Failed to parse job 1259341301 (https://careers.ey.com/ey/job/Victoria-Office-Services-Clerk-and-Administrative-Assistant-Brit-V8W-2B7/1259341301/): Missing title
2026-01-19 23:31:37,707 - ERROR - Failed to parse job 1238111201 (https://careers.ey.com/ey/job/S%C3%A3o-Paulo-JK-Security-Consultant-S%C3%A3o-04543-011/1238111201/): Non-English page
2026-01-19 23:31:42,245 - ERROR - Failed to parse job 1267962201 (https://careers.ey.com/ey/job/Toronto-Technicien%28ne%29-juridique-Services-en-immigration-%C3%A0-des-fins-d&apos;affaires%2C-%C3%89tats-Unis-ON-M5H-0B3/1267962201/): Non-English page
2026-01-19 23:31:45,028 - ERROR - Failed to parse job 1135636101 (https://careers.ey.com/ey/job/Santiago-Senior-Forensic-&-Integrity-Services-Regi/1135636101/): Non-English page
2026-01-19 23:31:45,091 - ERROR - Failed to parse job 1082003401 (https://careers.ey.com/ey/job/Montevideo-Contador-Senior-para-Auditor%C3%ADa-Externa/1082003401/): Non-English page
2026-01-19 23:31:45,549 - ERROR - Failed to parse job 1103759801 (https://careers.ey.com/ey/job/Montevideo-Asistente-para-el-%C3%A1rea-de-Auditor%C3%ADa-Externa/1103759801/): Non-English page
2026-01-19 23:31:51,022 - ERROR - Failed to parse job 1259204301 (https://careers.ey.com/ey/job/S%C3%A3o-Paulo-JK-Senior-Enterprise-Browser-Admin-S%C3%A3o-04543-011/1259204301/): Non-English page
2026-01-19 23:31:52,676 - ERROR - Failed to parse job 888661501 (https://careers.ey.com/ey/job/Buenos-Aires-EY-Estudiantes-y-Graduadosas-de-Ciencias-Econ%C3%B3micas-CABA-1002/888661501/): Non-English page
2026-01-19 23:31:52,911 - ERROR - Failed to parse job 1237679101 (https://careers.ey.com/ey/job/Eschborn-Frankfurt-%28Main%29-Praktikant-pr%C3%BCfungsnahe-Beratung-im-Bank-Versicherungsaufsichtsrecht-%28Financial-Services%29-%28wmd%29-HE-65760/1237679101/): Non-English page
2026-01-19 23:31:52,984 - ERROR - Failed to parse job 1237751301 (https://careers.ey.com/ey/job/Eschborn-Frankfurt-%28Main%29-Praktikant-Data-Science-im-Bereich-pr%C3%BCfungsnahe-Beratung-Quants-%28Financial-Services%29-%28wmd%29-HE-65760/1237751301/): Non-English page
2026-01-19 23:31:54,992 - ERROR - Failed to parse job 1237694101 (https://careers.ey.com/ey/job/Eschborn-Frankfurt-%28Main%29-Praktikant-Wirtschaftspr%C3%BCfung-im-Bereich-Wealth-&-Asset-Management-%28Financial-Services%29-%28wmd%29-HE-65760/1237694101/): Non-English page
2026-01-19 23:31:57,807 - ERROR - Failed to parse job 1248749501 (https://careers.ey.com/ey/job/Ciudad-de-M%C3%A9xico-Manager-Supply-Chain-%28Planning%29-CDMX-Ciud-11520/1248749501/): Non-English page
2026-01-19 23:31:59,326 - ERROR - Failed to parse job 1259315901 (https://careers.ey.com/ey/job/Ciudad-de-M%C3%A9xico-Consultor%28a%29-Senior%2C-Descarbonizaci%C3%B3n-&-Eficiencia-Energ%C3%A9tica-Ciud-11520/1259315901/): Non-English page
2026-01-19 23:32:02,341 - ERROR - Failed to parse job 1186315301 (https://careers.ey.com/ey/job/Berlin-%28Senior%29-Consultant-Internal-Auditor-IT-%28Financial-Services%29-%28wmd%29-BE-10117/1186315301/): Non-English page
2026-01-19 23:32:02,707 - ERROR - Failed to parse job 1226749101 (https://careers.ey.com/ey/job/Berlin-Consultant-Indirect-Tax-Technology-Schwerpunkt-SAP-%28wmd%29-BE-10117/1226749101/): Non-English page
2026-01-19 23:32:02,723 - ERROR - Failed to parse job 1209785801 (https://careers.ey.com/ey/job/Berlin-Berater-Manufacturing-Supply-Chain-&-Operations-%28wmd%29-BE-10117/1209785801/): Non-English page
2026-01-19 23:32:03,133 - ERROR - Failed to parse job 1237688201 (https://careers.ey.com/ey/job/Berlin-Praktikant-E-Commerce-Financial-Accounting-und-Transaction-Accounting-Beratung-FAAS-%28wmd%29-BE-10117/1237688201/): Non-English page
2026-01-19 23:32:03,434 - ERROR - Failed to parse job 1237735601 (https://careers.ey.com/ey/job/Berlin-Praktikant-Strategie-und-Transaktionsprojekte-im-Treasury-FAAS-%28wmd%29-BE-10117/1237735601/): Non-English page
2026-01-19 23:32:03,857 - ERROR - Failed to parse job 1259194901 (https://careers.ey.com/ey/job/S%C3%A3o-Paulo-JK-Administrador%28a%29-ServiceNow-S%C3%AAnior-S%C3%A3o-04543-011/1259194901/): Non-English page
2026-01-19 23:32:06,314 - ERROR - Failed to parse job 1259195701 (https://careers.ey.com/ey/job/S%C3%A3o-Paulo-JK-Desenvolvedor%28a%29-ServiceNow-S%C3%AAnior-S%C3%A3o-04543-011/1259195701/): Non-English page
2026-01-19 23:32:07,246 - ERROR - Failed to parse job 1081330401 (https://careers.ey.com/ey/job/Curitiba-Banco-de-Talentos-S%C3%AAnior-de-Auditoria-Externa%2C-Curitiba-PR-80410-201/1081330401/): Non-English page
2026-01-19 23:32:07,432 - ERROR - Failed to parse job 1081321501 (https://careers.ey.com/ey/job/Curitiba-Banco-de-Talentos-Assistente-de-Auditoria-Externa%2C-Curitiba-PR-80410-201/1081321501/): Non-English page
2026-01-19 23:32:07,843 - ERROR - Failed to parse job 1186464301 (https://careers.ey.com/ey/job/Stuttgart-%28Senior%29-Consultant-ServiceNow-AI-&-Data-%28wmd%29-BW-70629/1186464301/): Non-English page
2026-01-19 23:32:09,489 - ERROR - Failed to parse job 1237683501 (https://careers.ey.com/ey/job/M%C3%BCnchen-Praktikant-pr%C3%BCfungsnahe-Beratung-Assurance-%28Financial-Services%29-%28wmd%29-BY-80636/1237683501/): Non-English page
2026-01-19 23:32:10,292 - ERROR - Failed to parse job 1259204601 (https://careers.ey.com/ey/job/S%C3%A3o-Paulo-JK-Desenvolvedora-Fullstack-%28_Net-&-Angular%29-Especialista-S%C3%A3o-04543-011/1259204601/): Non-English page
2026-01-19 23:32:12,477 - ERROR - Failed to parse job 1259313501 (https://careers.ey.com/ey/job/Montr%C3%A9al-Chef-d&apos;%C3%A9quipe-senior-Transformation-de-la-main-d&apos;%C5%93uvre-Services-financiers-Montr%C3%A9al-1-Qu%C3%A9b-H3A-0A8/1259313501/): Non-English page
2026-01-19 23:32:14,508 - ERROR - Failed to parse job 1259194001 (https://careers.ey.com/ey/job/S%C3%A3o-Paulo-JK-Arquiteto%28a%29-AWS-%28GLUE%2C-Spark-&-Redshift_%29-S%C3%A3o-04543-011/1259194001/): Non-English page
2026-01-19 23:32:15,208 - ERROR - Failed to parse job 1259192201 (https://careers.ey.com/ey/job/S%C3%A3o-Paulo-JK-Senior-Data-Engineer-%28AWS-GLUE%2C-Spark-&-Redshift%29-S%C3%A3o-04543-011/1259192201/): Non-English page
2026-01-19 23:32:16,445 - ERROR - Failed to parse job 1259257101 (https://careers.ey.com/ey/job/S%C3%A3o-Paulo-JK-Analista-de-Controles-Internos-e-Auditoria-Interna-S%C3%A3o-04543-011/1259257101/): Non-English page
2026-01-19 23:32:18,905 - ERROR - Failed to parse job 1259191001 (https://careers.ey.com/ey/job/S%C3%A3o-Paulo-JK-Pessoa-Desenvolvedora-Python-S%C3%AAnior-%28Machine-Learning-&-SageMaker%29-S%C3%A3o-04543-011/1259191001/): Non-English page
2026-01-19 23:32:22,669 - ERROR - Failed to parse job 1227177901 (https://careers.ey.com/ey/job/Belo-Horizonte-Consultor-ou-Consultora-em-BIM-MG-38082-049/1227177901/): Non-English page
2026-01-19 23:32:24,169 - ERROR - Failed to parse job 1237749501 (https://careers.ey.com/ey/job/D%C3%BCsseldorf-Praktikant-Wirtschaftspr%C3%BCfung-im-Bereich-Banken-Assurance-%28Financial-Services%29-%28wmd%29-NW-40213/1237749501/): Non-English page
2026-01-19 23:32:28,920 - ERROR - Failed to parse job 1164246801 (https://careers.ey.com/ey/job/Curitiba-Consultor%28a%29-de-Riscos%2C-Auditoria-Interna-e-Controles-Internos-PR-80410-201/1164246801/): Non-English page
2026-01-19 23:32:29,950 - ERROR - Failed to parse job 1237742901 (https://careers.ey.com/ey/job/Eschborn-Frankfurt-%28Main%29-Praktikant-Mathematiker%2C-Informatiker%2C-Physiker-quantitative-Beratung-%28Financial-Services%29-%28wmd%29-HE-65760/1237742901/): Non-English page
2026-01-19 23:32:30,683 - ERROR - Failed to parse job 1237758301 (https://careers.ey.com/ey/job/Eschborn-Frankfurt-%28Main%29-Praktikant-Wirtschaftspr%C3%BCfung-im-Bereich-Versicherungen-Assurance-%28Financial-Services%29-%28wmd%29-HE-65760/1237758301/): Non-English page
2026-01-19 23:32:31,104 - ERROR - Failed to parse job 1237745601 (https://careers.ey.com/ey/job/Hamburg-Werkstudent-Wirtschaftspr%C3%BCfung-im-Bereich-Versicherungen-Assurance-%28Financial-Services%29-%28wmd%29-HH-20148/1237745601/): Non-English page
2026-01-19 23:32:31,887 - ERROR - Failed to parse job 1267888601 (https://careers.ey.com/ey/job/Belo-Horizonte-Senior-IBM-MQ-Administrator-MG-38082-049/1267888601/): Non-English page
2026-01-19 23:32:32,692 - ERROR - Failed to parse job 1267888501 (https://careers.ey.com/ey/job/S%C3%A3o-Paulo-JK-C-and-Oracle-Developer-S%C3%A3o-04543-011/1267888501/): Non-English page
2026-01-19 23:32:39,638 - ERROR - Failed to parse job 1248250501 (https://careers.ey.com/ey/job/Bogota-Reporting-Engineer-Bogo/1248250501/): Non-English page
2026-01-19 23:32:40,981 - ERROR - Failed to parse job 1267872401 (https://careers.ey.com/ey/job/Montr%C3%A9al-Analyste-en-fusions-et-acquisitions-Qu%C3%A9b-H3A-0A8/1267872401/): Non-English page
2026-01-19 23:32:42,779 - ERROR - Failed to parse job 1258561901 (https://careers.ey.com/ey/job/Kochi-EY-GDS-Consulting-AI-And-DATA-Azure-Databricks-Senior-KL-682313/1258561901/): Missing title
2026-01-19 23:32:47,389 - ERROR - Failed to parse job 1258893601 (https://careers.ey.com/ey/job/S%C3%A3o-Paulo-JK-Data-Modeler-S%C3%A3o-04543-011/1258893601/): Non-English page
2026-01-19 23:32:49,699 - ERROR - Failed to parse job 1140056901 (https://careers.ey.com/ey/job/Santiago-Manager-Forensic-Regi/1140056901/): Non-English page
2026-01-19 23:32:51,428 - ERROR - Failed to parse job 1248265601 (https://careers.ey.com/ey/job/Vienna-%28Senior%29-Associate-Tax-%28mwd%29-1220/1248265601/): Non-English page
2026-01-19 23:32:51,930 - ERROR - Failed to parse job 1186182101 (https://careers.ey.com/ey/job/Eschborn-Frankfurt-%28Main%29-%28Senior%29-Berater-Informationssicherheit-%28wmd%29-HE-65760/1186182101/): Non-English page
2026-01-19 23:32:52,539 - ERROR - Failed to parse job 1206925201 (https://careers.ey.com/ey/job/Eschborn-Frankfurt-%28Main%29-%28Senior%29-Consultant-Financial-Crime%2C-Compliance-&-Conduct-%28WiWi%2C-Jura%29-%28Financial-Services%29-%28wmd%29-HE-65760/1206925201/): Non-English page
2026-01-19 23:32:52,632 - ERROR - Failed to parse job 1206953301 (https://careers.ey.com/ey/job/Eschborn-Frankfurt-%28Main%29-Manager-Kapitalmarkt-Compliance-Crypto-Assets-Compliance-Consulting-%28Financial-Services%29-%28wmd%29-HE-65760/1206953301/): Non-English page
2026-01-19 23:32:53,039 - ERROR - Failed to parse job 1206963401 (https://careers.ey.com/ey/job/Eschborn-Frankfurt-%28Main%29-%28Senior%29-Manager-Credit-Management-Consulting-%28Financial-Services%29-%28wmd%29-HE-65760/1206963401/): Non-English page
2026-01-19 23:32:53,079 - ERROR - Failed to parse job 1206985901 (https://careers.ey.com/ey/job/Eschborn-Frankfurt-%28Main%29-Consultant-Aufsichtsrecht-%28Financial-Services%29-%28wmd%29-HE-65760/1206985901/): Non-English page
2026-01-19 23:32:54,172 - ERROR - Failed to parse job 1206956101 (https://careers.ey.com/ey/job/Eschborn-Frankfurt-%28Main%29-%28Senior%29-Manager-Wealth-&-Asset-Management-Consulting-%28Financial-Services%29-%28wmd%29-HE-65760/1206956101/): Non-English page
2026-01-19 23:32:54,587 - ERROR - Failed to parse job 1206958801 (https://careers.ey.com/ey/job/Eschborn-Frankfurt-%28Main%29-%28Senior%29-Manager-Finance-Transformation-SAP-%28Financial-Services%29-%28wmd%29-HE-65760/1206958801/): Non-English page
2026-01-19 23:32:54,738 - ERROR - Failed to parse job 1206802201 (https://careers.ey.com/ey/job/Eschborn-Frankfurt-%28Main%29-%28Senior%29-Consultant-Banking-&-Capital-Markets-%28Financial-Services%29-%28wmd%29-HE-65760/1206802201/): Non-English page
2026-01-19 23:32:59,846 - ERROR - Failed to parse job 1237272901 (https://careers.ey.com/ey/job/Berlin-Duales-Studium-in-der-Wirtschaftspr%C3%BCfung-Steuern-&-Pr%C3%BCfungswesen-%28wmd%29-BE-10117/1237272901/): Non-English page
2026-01-19 23:33:00,093 - ERROR - Failed to parse job 1206803801 (https://careers.ey.com/ey/job/Berlin-Consultant-f%C3%BCr-Projektmanagement-Healthcare-Business-Consulting-%28wmd%29-BE-10117/1206803801/): Non-English page
2026-01-19 23:33:01,419 - ERROR - Failed to parse job 1237574301 (https://careers.ey.com/ey/job/Blumenau-Auditor-ou-Auditora-S%C3%AAnior%2C-Blumenau-SC-89010-204/1237574301/): Non-English page
2026-01-19 23:33:06,449 - ERROR - Failed to parse job 1060032701 (https://careers.ey.com/ey/job/S%C3%A3o-Paulo-JK-Banco-de-Talentos-Exclusivo-PCD%2C-S%C3%AAnior-de-Consultoria-em-Temas-Cont%C3%A1beis-e-Financeiros-S%C3%A3o-04543-011/1060032701/): Non-English page
2026-01-19 23:33:06,571 - ERROR - Failed to parse job 1237581101 (https://careers.ey.com/ey/job/Montr%C3%A9al-Conseiller-senior%2C-reporting-financier-des-transactions-Certifications-Qu%C3%A9b-H3A-0A8/1237581101/): Non-English page
2026-01-19 23:33:07,548 - ERROR - Failed to parse job 1237267001 (https://careers.ey.com/ey/job/M%C3%BCnchen-%28Senior%29-Manager-Steuerberater-Corporate-Tax-&-Private-Tax-%28wmd%29-BY-80636/1237267001/): Non-English page
2026-01-19 23:33:08,778 - ERROR - Failed to parse job 1060067401 (https://careers.ey.com/ey/job/S%C3%A3o-Paulo-JK-Banco-de-Talentos-Exclusivo-PCD%2C-Assistente-de-Consultoria-em-Investiga%C3%A7%C3%A3o-e-Compliance-S%C3%A3o-04543-011/1060067401/): Non-English page
2026-01-19 23:33:09,829 - ERROR - Failed to parse job 1206805001 (https://careers.ey.com/ey/job/Hamburg-Berater-Risk-Consulting-VollTeilzeit-%28wmd%29-HH-20148/1206805001/): Non-English page
2026-01-19 23:33:09,847 - ERROR - Failed to parse job 1060065301 (https://careers.ey.com/ey/job/S%C3%A3o-Paulo-JK-Banco-de-Talentos-Exclusivo-PCD%2C-S%C3%AAnior-de-Consultoria-em-Investiga%C3%A7%C3%A3o-e-Compliance-S%C3%A3o-04543-011/1060065301/): Non-English page
2026-01-19 23:33:10,503 - ERROR - Failed to parse job 1248184201 (https://careers.ey.com/ey/job/D%C3%BCsseldorf-Rechtsanwalt-Corporate-M&A-Japan-Desk-EY-Law-%28wmd%29-NW-40213/1248184201/): Non-English page
2026-01-19 23:33:11,110 - ERROR - Failed to parse job 1060070001 (https://careers.ey.com/ey/job/Belo-Horizonte-Banco-de-Talentos-Exclusivo-PCD%2C-Gerente-de-Consultoria-em-Temas-Cont%C3%A1beis-e-Financeiros-MG-38082-049/1060070001/): Non-English page
2026-01-19 23:33:11,822 - ERROR - Failed to parse job 1060068401 (https://careers.ey.com/ey/job/S%C3%A3o-Paulo-JK-Banco-de-Talentos-Exclusivo-PCD%2C-Gerente-de-Consultoria-em-Investiga%C3%A7%C3%A3o-e-Compliance-S%C3%A3o-04543-011/1060068401/): Non-English page
2026-01-19 23:33:13,384 - ERROR - Failed to parse job 1206949501 (https://careers.ey.com/ey/job/M%C3%BCnchen-%28Senior%29-Consultant-Unternehmensberatung-Business-Transformation-%28Financial-Services%29-%28wmd%29-BY-80636/1206949501/): Non-English page
2026-01-19 23:33:16,242 - ERROR - Failed to parse job 1237286001 (https://careers.ey.com/ey/job/Berlin-EY-Parthenon-Manager-Strategy-Private-Equity-%28wmd%29-BE-10117/1237286001/): Non-English page
2026-01-19 23:33:17,475 - ERROR - Failed to parse job 1267501801 (https://careers.ey.com/ey/job/Bogota-Analista-Junior-de-Gesti%C3%B3n-documental-1-1-Bogo/1267501801/): Non-English page
2026-01-19 23:33:19,815 - ERROR - Failed to parse job 1267433801 (https://careers.ey.com/ey/job/Ciudad-de-M%C3%A9xico-Analista-Junior-de-Impuestos-Ciud-11520/1267433801/): Non-English page
2026-01-19 23:33:21,742 - ERROR - Failed to parse job 1267430201 (https://careers.ey.com/ey/job/Belo-Horizonte-Pessoa-Consultora-S%C3%AAnior-Mining-Operations-MG-38082-049/1267430201/): Missing title
2026-01-19 23:33:21,820 - ERROR - Failed to parse job 1267507401 (https://careers.ey.com/ey/job/Fortaleza-Consultor%28a%29-S%C3%AAnior-em-BIM-CE-60811-341/1267507401/): Non-English page
2026-01-19 23:33:27,244 - ERROR - Failed to parse job 1267392801 (https://careers.ey.com/ey/job/S%C3%A3o-Paulo-JK-Gerente-em-Business-Transformation-%28-Foco-em-pagamentos%29-S%C3%A3o-Paulo-S%C3%A3o-04543-011/1267392801/): Non-English page
2026-01-19 23:33:34,246 - ERROR - Failed to parse job 1196047101 (https://careers.ey.com/ey/job/Recife-Pessoa-Consultora-SAP-SD-S%C3%AAnior-PE-50030-230/1196047101/): Non-English page
2026-01-19 23:33:35,353 - ERROR - Failed to parse job 1206420301 (https://careers.ey.com/ey/job/Eschborn-Frankfurt-%28Main%29-%28Senior%29-Manager-Cyber-Security-%28Financial-Services%29-%28wmd%29-HE-65760/1206420301/): Non-English page
2026-01-19 23:33:35,985 - ERROR - Failed to parse job 1206368201 (https://careers.ey.com/ey/job/Eschborn-Frankfurt-%28Main%29-Consultant-Cyber-Security-%28Financial-Services%29-%28wmd%29-HE-65760/1206368201/): Non-English page
2026-01-19 23:33:36,089 - ERROR - Failed to parse job 1206386801 (https://careers.ey.com/ey/job/Eschborn-Frankfurt-%28Main%29-%28Senior%29-Consultant-Business-Analyst-Financial-Crime-Compliance-%28Financial-Services%29-%28wmd%29-HE-65760/1206386801/): Non-English page
2026-01-19 23:33:36,320 - ERROR - Failed to parse job 1206411001 (https://careers.ey.com/ey/job/Eschborn-Frankfurt-%28Main%29-Senior-Consultant-Wealth-&-Asset-Management-Consulting-%28Financial-Services%29-%28wmd%29-HE-65760/1206411001/): Non-English page
2026-01-19 23:33:36,492 - ERROR - Failed to parse job 1206473901 (https://careers.ey.com/ey/job/Eschborn-Frankfurt-%28Main%29-Manager-Business-Consulting-Finance-%28Financial-Services%29-%28wmd%29-HE-65760/1206473901/): Non-English page
2026-01-19 23:33:36,950 - ERROR - Failed to parse job 1206398601 (https://careers.ey.com/ey/job/Eschborn-Frankfurt-%28Main%29-%28Senior%29-Consultant-Finance-Transformation-SAP-%28Financial-Services%29-%28wmd%29-HE-65760/1206398601/): Non-English page
2026-01-19 23:33:37,004 - ERROR - Failed to parse job 1206344001 (https://careers.ey.com/ey/job/Eschborn-Frankfurt-%28Main%29-%28Senior%29-Manager-SAP-SuccessFactors-&-HCM-Architecture-&-Integration-%28wmd%29-HE-65760/1206344001/): Non-English page
2026-01-19 23:33:37,609 - ERROR - Failed to parse job 1216083701 (https://careers.ey.com/ey/job/Eschborn-Frankfurt-%28Main%29-%28Senior%29-Consultant-Cyber-Resilienz-IT-Beratung-Pr%C3%BCfung-Assurance-%28Financial-Services%29-%28wmd%29-HE-65760/1216083701/): Non-English page
2026-01-19 23:33:40,904 - ERROR - Failed to parse job 1196029501 (https://careers.ey.com/ey/job/Berlin-EY-Parthenon-Manager-Transactions-&-Corporate-Finance-Strategy-and-Transactions-%28wmd%29-BE-10117/1196029501/): Non-English page
2026-01-19 23:33:42,340 - ERROR - Failed to parse job 1196031101 (https://careers.ey.com/ey/job/Berlin-EY-Parthenon-Manager-Deal-Management-&-Execution-Strategy-and-Transactions-%28wmd%29-BE-10117/1196031101/): Non-English page
2026-01-19 23:33:42,562 - ERROR - Failed to parse job 1206492201 (https://careers.ey.com/ey/job/Berlin-Senior-Consultant-Manager-SAP-SuccessFactors-%28wmd%29-BE-10117/1206492201/): Non-English page
2026-01-19 23:33:42,773 - ERROR - Failed to parse job 1206352001 (https://careers.ey.com/ey/job/Berlin-%28Senior%29-Consultant-Technology-Compliance-%28Financial-Services%29-%28wmd%29-BE-10117/1206352001/): Non-English page
2026-01-19 23:33:43,156 - ERROR - Failed to parse job 1216304901 (https://careers.ey.com/ey/job/Toronto-Avocat-en-droit-ON-M5H-0B3/1216304901/): Non-English page
2026-01-19 23:33:47,428 - ERROR - Failed to parse job 1206486101 (https://careers.ey.com/ey/job/N%C3%BCrnberg-%28Senior%29-Consultant-Beratung-Public-Sector-Digitale-Transformation-%28wmd%29-BY-90402/1206486101/): Non-English page
2026-01-19 23:33:50,165 - ERROR - Failed to parse job 1118794101 (https://careers.ey.com/ey/job/S%C3%A3o-Paulo-JK-Assistente-de-Tributos-Impostos-Indiretos-%28Banco-de-Talentos%29-S%C3%A3o-04543-011/1118794101/): Non-English page
2026-01-19 23:33:50,400 - ERROR - Failed to parse job 1258471101 (https://careers.ey.com/ey/job/S%C3%A3o-Paulo-JK-Assessora-ou-Assessor-Tribut%C3%A1rio-S%C3%AAnior-de-Pre%C3%A7os-de-Transfer%C3%AAncia%2C-foco-em-OCDE-S%C3%A3o-04543-011/1258471101/): Non-English page
2026-01-19 23:33:51,679 - ERROR - Failed to parse job 1258471001 (https://careers.ey.com/ey/job/S%C3%A3o-Paulo-JK-Asesor-Fiscal-Senior-Precios-de-Transferencia-%28OCDE%29-1-S%C3%A3o-04543-011/1258471001/): Non-English page
2026-01-19 23:33:52,591 - ERROR - Failed to parse job 1247856801 (https://careers.ey.com/ey/job/D%C3%BCsseldorf-%28Senior%29-Consultant-Public-Mobility-%C3%96ffentlicher-Verkehr-%28wmd%29-NW-40213/1247856801/): Non-English page
2026-01-19 23:33:52,960 - ERROR - Failed to parse job 1216104501 (https://careers.ey.com/ey/job/D%C3%BCsseldorf-Consultant-Wirtschaftspr%C3%BCfung-mit-berufsbegleitendem-Masterstudium-AuditXcellence-%28wmd%29-NW-40213/1216104501/): Non-English page
2026-01-19 23:33:53,598 - ERROR - Failed to parse job 1206463001 (https://careers.ey.com/ey/job/Hamburg-%28Senior%29-Manager-SAP-SuccessFactors-&-HCM-Payroll-&-Time-Management-%28wmd%29-HH-20148/1206463001/): Non-English page
2026-01-19 23:33:55,431 - ERROR - Failed to parse job 1206712501 (https://careers.ey.com/ey/job/Rio-de-Janeiro-Assessora-ou-Assessor-Tribut%C3%A1rio-S%C3%AAnior-Impostos-Diretos-RJ-22250-040/1206712501/): Non-English page
2026-01-19 23:33:55,987 - ERROR - Failed to parse job 1206405301 (https://careers.ey.com/ey/job/Hannover-%28Senior%29-Manager-Risk-&-Actuarial-Consulting-%28Financial-Services%29-%28wmd%29-NI-30159/1206405301/): Non-English page
2026-01-19 23:34:06,011 - ERROR - Failed to parse job 1267006001 (https://careers.ey.com/ey/job/Berlin-Berater-Product-Cyber-Security-%28wmd%29-BE-10117/1267006001/): Non-English page
2026-01-19 23:34:06,645 - ERROR - Failed to parse job 1266859501 (https://careers.ey.com/ey/job/Berlin-%28Senior%29-Berater-Business-Continuity-Management-Cyber-Security-%28wmd%29-BE-10117/1266859501/): Non-English page
2026-01-19 23:34:06,785 - ERROR - Failed to parse job 1266935801 (https://careers.ey.com/ey/job/S%C3%A3o-Paulo-JK-Desenvolvedor-%28a%29-de-Python-S%C3%A3o-04543-011/1266935801/): Non-English page
2026-01-19 23:34:09,234 - ERROR - Failed to parse job 1267031101 (https://careers.ey.com/ey/job/Rio-de-Janeiro-Consultor-de-Governan%C3%A7a-Cibern%C3%A9tica-S%C3%AAnior-RJ-22250-040/1267031101/): Non-English page
2026-01-19 23:34:18,799 - ERROR - Failed to parse job 1215690101 (https://careers.ey.com/ey/job/Eschborn-Frankfurt-%28Main%29-%28Senior%29-Consultant-Steuerberatung-Tax-Transformation-%28wmd%29-HE-65760/1215690101/): Non-English page
2026-01-19 23:34:19,705 - ERROR - Failed to parse job 1215675001 (https://careers.ey.com/ey/job/Berlin-%28Senior%29-Consultant-steuerliche-Grundsatzabteilung-mit-Schwerpunkt-Tax-Policy-%28wmd%29-BE-10117/1215675001/): Non-English page
2026-01-19 23:34:19,860 - ERROR - Failed to parse job 1205940701 (https://careers.ey.com/ey/job/Eschborn-Frankfurt-%28Main%29-Consultant-Wealth-&-Asset-Management-Consulting-%28Financial-Services%29-%28wmd%29-HE-65760/1205940701/): Non-English page
2026-01-19 23:34:20,817 - ERROR - Failed to parse job 1215677801 (https://careers.ey.com/ey/job/Berlin-%28Senior%29-Manager-Real-Estate-Tax-%28wmd%29-BE-10117/1215677801/): Non-English page
2026-01-19 23:34:21,311 - ERROR - Failed to parse job 1226285501 (https://careers.ey.com/ey/job/Eschborn-Frankfurt-%28Main%29-%28Senior%29-Consultant-International-Corporate-Tax-Advisory-%28wmd%29-HE-65760/1226285501/): Non-English page
2026-01-19 23:34:23,823 - ERROR - Failed to parse job 1215693501 (https://careers.ey.com/ey/job/Berlin-Consultant-steuerliche-Grundsatzabteilung-National-Office-%28wmd%29-BE-10117/1215693501/): Non-English page
2026-01-19 23:34:23,877 - ERROR - Failed to parse job 1195507501 (https://careers.ey.com/ey/job/Berlin-Senior-Berater-Enterprise-Architecture-&-Governance-Technology-Strategy-&-Transformation-%28wmd%29-BE-10117/1195507501/): Non-English page
2026-01-19 23:34:24,309 - ERROR - Failed to parse job 1226332801 (https://careers.ey.com/ey/job/Berlin-Rechtsreferendar-Wirtschaftsrecht-EY-Law-%28wmd%29-BE-10117/1226332801/): Non-English page
2026-01-19 23:34:24,654 - ERROR - Failed to parse job 1226232701 (https://careers.ey.com/ey/job/Berlin-%28Senior%29-Consultant-Umsatzsteuer-Indirect-Tax-%28wmd%29-BE-10117/1226232701/): Non-English page
2026-01-19 23:34:32,742 - ERROR - Failed to parse job 1226242501 (https://careers.ey.com/ey/job/K%C3%B6ln-%28Senior%29-Consultant-Lohnsteuerberatung-%28wmd%29-NW-50667/1226242501/): Non-English page
2026-01-19 23:34:34,245 - ERROR - Failed to parse job 1226314101 (https://careers.ey.com/ey/job/M%C3%BCnchen-Volkswirt-Betriebswirt-Jurist-als-%28Senior%29-Consultant-Verrechnungspreise-Transfer-Pricing-%28wmd%29-BY-80636/1226314101/): Non-English page
2026-01-19 23:34:35,779 - ERROR - Failed to parse job 1215668701 (https://careers.ey.com/ey/job/M%C3%BCnchen-%28Senior%29-Consultant-Real-Estate-Tax-Steuerberatung-%28wmd%29-BY-80636/1215668701/): Non-English page
2026-01-19 23:34:40,518 - ERROR - Failed to parse job 1215681301 (https://careers.ey.com/ey/job/D%C3%BCsseldorf-%28Senior%29-Consultant-F%C3%B6rdermittelberatung-F%C3%B6rdermittelmanagement-und-Prozessberatung-%28wmd%29-NW-40213/1215681301/): Non-English page
2026-01-19 23:34:40,542 - ERROR - Failed to parse job 1226432301 (https://careers.ey.com/ey/job/D%C3%BCsseldorf-%28Senior%29-Consultant-Tax-Steuerberatung-Konzernsteuerrecht-%28wmd%29-NW-40213/1226432301/): Non-English page
2026-01-19 23:34:42,310 - ERROR - Failed to parse job 1195310201 (https://careers.ey.com/ey/job/Hamburg-%28Senior%29-Manager-Tax-Accounting-Risk-Advisory-Services-%28TARAS%29-%28wmd%29-HH-20148/1195310201/): Non-English page
2026-01-19 23:34:42,447 - ERROR - Failed to parse job 1205931101 (https://careers.ey.com/ey/job/Hamburg-%28Senior%29-Manager-Tax-Steuerberater-Konzernsteuerrecht-%28wmd%29-HH-20148/1205931101/): Non-English page
2026-01-19 23:34:42,593 - ERROR - Failed to parse job 847631301 (https://careers.ey.com/ey/job/Santiago-Auditora-de-Sistemas-%28Riesgo-Tecnol%C3%B3gico%29-Regi/847631301/): Non-English page
2026-01-19 23:34:43,873 - ERROR - Failed to parse job 1205955301 (https://careers.ey.com/ey/job/Hamburg-Berater-Risk-Consulting-Schwerpunkt-Digital-Risk-VollTeilzeit-%28wmd%29-HH-20148/1205955301/): Non-English page
2026-01-19 23:34:46,652 - ERROR - Failed to parse job 1205851501 (https://careers.ey.com/ey/job/Berlin-%28Senior%29-Consultant-HR-Transformation-und-Technology-%28wmd%29-BE-10117/1205851501/): Non-English page
2026-01-19 23:34:56,329 - ERROR - Failed to parse job 1266651501 (https://careers.ey.com/ey/job/S%C3%A3o-Paulo-JK-Consultora-S%C3%AAnior-em-Business-Transformation-%28Foco-em-bancos%29-S%C3%A3o-Paulo-S%C3%A3o-04543-011/1266651501/): Non-English page
2026-01-19 23:34:56,735 - ERROR - Failed to parse job 1266546101 (https://careers.ey.com/ey/job/Belo-Horizonte-Gerente-S%C3%AAnior-Business-TAX-Services-Impostos-Diretos%2C-BH-MG-38082-049/1266546101/): Non-English page
2026-01-19 23:34:57,018 - ERROR - Failed to parse job 1266569301 (https://careers.ey.com/ey/job/Belo-Horizonte-UX-Writing-J%C3%BAnior-MG-38082-049/1266569301/): Non-English page
2026-01-19 23:34:58,115 - ERROR - Failed to parse job 1266720401 (https://careers.ey.com/ey/job/S%C3%A3o-Paulo-JK-Desenvolvedor-%28a%29-Fullstack-S%C3%A3o-04543-011/1266720401/): Non-English page
2026-01-19 23:35:01,430 - ERROR - Failed to parse job 1226093601 (https://careers.ey.com/ey/job/Bogota-Desarrollador-de-aplicaciones-m%C3%B3viles-h%C3%ADbridas-Bogo/1226093601/): Non-English page
2026-01-19 23:35:02,994 - ERROR - Failed to parse job 1135632801 (https://careers.ey.com/ey/job/Santiago-Consultor-Compliance-%284-5-a%C3%B1os%29-Regi/1135632801/): Non-English page
2026-01-19 23:35:06,959 - ERROR - Failed to parse job 1215401201 (https://careers.ey.com/ey/job/Eschborn-Frankfurt-%28Main%29-Duales-Studium-in-der-Wirtschaftspr%C3%BCfung-Audit-%28wmd%29-HE-65760/1215401201/): Non-English page
2026-01-19 23:35:10,146 - ERROR - Failed to parse job 1215430001 (https://careers.ey.com/ey/job/Stuttgart-Duales-Studium-in-der-Wirtschaftspr%C3%BCfung-Wirtschafts-und-Steuerrecht-%28wmd%29-BW-70629/1215430001/): Non-English page
2026-01-19 23:35:10,508 - ERROR - Failed to parse job 1236998101 (https://careers.ey.com/ey/job/Stuttgart-%28Senior%29-Manager-Steuerberater-Corporate-Tax-Advisory-%28wmd%29-BW-70629/1236998101/): Non-English page
2026-01-19 23:35:10,614 - ERROR - Failed to parse job 1236950501 (https://careers.ey.com/ey/job/Heilbronn-Duales-Studium-in-der-Wirtschaftspr%C3%BCfung-BWL-Steuerlehre%2C-Unternehmensrechnung-&-Finanzen-%28wmd%29-BW-74072/1236950501/): Non-English page
2026-01-19 23:35:11,903 - ERROR - Failed to parse job 1237065001 (https://careers.ey.com/ey/job/Qu%C3%A9bec-City-Chef-d&apos;%C3%A9quipe-Audit-Certification-Qu%C3%A9b-G1V-0C7/1237065001/): Non-English page
2026-01-19 23:35:13,711 - ERROR - Failed to parse job 1237054801 (https://careers.ey.com/ey/job/Qu%C3%A9bec-City-Chef-d&apos;%C3%A9quipe-senior-Audit-Certification-Qu%C3%A9b-G1V-0C7/1237054801/): Non-English page
2026-01-19 23:35:13,841 - ERROR - Failed to parse job 1205624001 (https://careers.ey.com/ey/job/Montr%C3%A9al-Chef-d&apos;%C3%A9quipe-Audit-Certification-Qu%C3%A9b-H3A-0A8/1205624001/): Non-English page
2026-01-19 23:35:14,330 - ERROR - Failed to parse job 1237003101 (https://careers.ey.com/ey/job/Montr%C3%A9al-Professionnel-senior-de-la-paie-Administration-de-la-paie-Qu%C3%A9b-H3A-0A8/1237003101/): Non-English page
2026-01-19 23:35:15,084 - ERROR - Failed to parse job 1237045401 (https://careers.ey.com/ey/job/Qu%C3%A9bec-City-Comptable-senior-Audit-Certification-Qu%C3%A9b-G1V-0C7/1237045401/): Non-English page
2026-01-19 23:35:17,237 - ERROR - Failed to parse job 1164078801 (https://careers.ey.com/ey/job/S%C3%A3o-Paulo-JK-S%C3%AAnior-de-Consultoria%2C-Bancos%2C-S%C3%A3o-Paulo-S%C3%A3o-04543-011/1164078801/): Non-English page
2026-01-19 23:35:17,515 - ERROR - Failed to parse job 1237012501 (https://careers.ey.com/ey/job/D%C3%BCsseldorf-Berater-im-Projektmanagement-im-%C3%B6ffentlichen-Sektor-Business-Transformation-%28wmd%29-NW-40213/1237012501/): Non-English page
2026-01-19 23:35:18,458 - ERROR - Failed to parse job 1215382701 (https://careers.ey.com/ey/job/Hamburg-Duales-Studium-in-der-Wirtschaftspr%C3%BCfung-Business-Administration-%28wmd%29-HH-20148/1215382701/): Non-English page
2026-01-19 23:35:18,650 - ERROR - Failed to parse job 1215319101 (https://careers.ey.com/ey/job/D%C3%BCsseldorf-EY-Parthenon-Werkstudent-Decision-Modelling-&-Economics-%28wmd%29-NW-40213/1215319101/): Non-English page
2026-01-19 23:35:18,661 - ERROR - Failed to parse job 1225729101 (https://careers.ey.com/ey/job/D%C3%BCsseldorf-Consultant-Wirtschaftspr%C3%BCfung-Audit-%28wmd%29-NW-40213/1225729101/): Non-English page
2026-01-19 23:35:27,235 - ERROR - Failed to parse job 1266286901 (https://careers.ey.com/ey/job/Rio-de-Janeiro-Consultor-ou-Consultora%2C-Rio-de-Janeiro-RJ-22250-040/1266286901/): Non-English page
2026-01-19 23:35:27,539 - ERROR - Failed to parse job 1266285001 (https://careers.ey.com/ey/job/Rio-de-Janeiro-S%C3%AAnior-de-consultoria%2C-Rio-de-Janeiro-RJ-22250-040/1266285001/): Non-English page
2026-01-19 23:35:28,167 - ERROR - Failed to parse job 1266174201 (https://careers.ey.com/ey/job/S%C3%A3o-Paulo-JK-Analista-Tribut%C3%A1rio-S%C3%A3o-04543-011/1266174201/): Non-English page
2026-01-19 23:35:29,967 - ERROR - Failed to parse job 1247282101 (https://careers.ey.com/ey/job/Bogota-Master-Data-MM-Bogo/1247282101/): Non-English page
2026-01-19 23:35:37,229 - ERROR - Failed to parse job 1236490801 (https://careers.ey.com/ey/job/Eschborn-Frankfurt-%28Main%29-EY-Parthenon-Praktikant-Performance-Improvement-Operational-Turnaround-%28wmd%29-HE-65760/1236490801/): Non-English page
2026-01-19 23:35:37,657 - ERROR - Failed to parse job 1236541501 (https://careers.ey.com/ey/job/Eschborn-Frankfurt-%28Main%29-Praktikant-Steuerberatung-%28wmd%29-HE-65760/1236541501/): Non-English page
2026-01-19 23:35:38,202 - ERROR - Failed to parse job 1214740201 (https://careers.ey.com/ey/job/Berlin-Duales-Studium-Wirtschaftsinformatik-IT-%28wmd%29-BE-10117/1214740201/): Non-English page
2026-01-19 23:35:38,381 - ERROR - Failed to parse job 1214748801 (https://careers.ey.com/ey/job/Eschborn-Frankfurt-%28Main%29-Praktikant-Technology-Risk-%28wmd%29-HE-65760/1214748801/): Non-English page
2026-01-19 23:35:38,606 - ERROR - Failed to parse job 1225336401 (https://careers.ey.com/ey/job/Berlin-Praktikant-FAAS-Accounting-Specialists-Group-%28wmd%29-BE-10117/1225336401/): Non-English page
2026-01-19 23:35:39,354 - ERROR - Failed to parse job 1225246501 (https://careers.ey.com/ey/job/Berlin-Female-Insights-%40-EY-Parthenon-%28Strategy-and-Transactions%29-BE-10117/1225246501/): Non-English page
2026-01-19 23:35:43,902 - ERROR - Failed to parse job 1236535401 (https://careers.ey.com/ey/job/Stuttgart-Duales-Studium-in-der-Wirtschaftspr%C3%BCfung-Accounting-&-Controlling-%28wmd%29-BW-70629/1236535401/): Non-English page
2026-01-19 23:35:44,243 - ERROR - Failed to parse job 728982201 (https://careers.ey.com/ey/job/Chiyoda-ID%E7%99%BB%E9%8C%B2%E7%94%A8%28JKK-Finance%292-100-0006/728982201/): Non-English page
2026-01-19 23:35:46,351 - ERROR - Failed to parse job 1214872701 (https://careers.ey.com/ey/job/M%C3%BCnchen-%28Senior%29-Manager-SAP-SuccessFactors-&-HCM-%28wmd%29-BY-80636/1214872701/): Non-English page
2026-01-19 23:35:49,445 - ERROR - Failed to parse job 1214722001 (https://careers.ey.com/ey/job/D%C3%BCsseldorf-Praktikant-IT-BeratungPr%C3%BCfung-Schwerpunkt-Banken-oder-Versicherungen-%28Financial-Services%29-%28wmd%29-NW-40213/1214722001/): Non-English page
2026-01-19 23:35:53,213 - ERROR - Failed to parse job 1236527901 (https://careers.ey.com/ey/job/Hamburg-EY-Parthenon-Praktikant-Deal-Management-Healthcare-%28wmd%29-HH-20148/1236527901/): Non-English page
2026-01-19 23:35:53,270 - ERROR - Failed to parse job 1236553501 (https://careers.ey.com/ey/job/Berlin-Praktikant-Steuerberatung-%28wmd%29-BE-10117/1236553501/): Non-English page
2026-01-19 23:35:53,580 - ERROR - Failed to parse job 1236581001 (https://careers.ey.com/ey/job/Eschborn-Frankfurt-%28Main%29-Werkstudent-Steuerberatung-%28wmd%29-HE-65760/1236581001/): Non-English page
2026-01-19 23:35:53,629 - ERROR - Failed to parse job 1236606801 (https://careers.ey.com/ey/job/Berlin-Werkstudent-Steuerberatung-%28wmd%29-BE-10117/1236606801/): Non-English page
2026-01-19 23:35:53,834 - ERROR - Failed to parse job 1236501701 (https://careers.ey.com/ey/job/Vienna-Tax-Advisor-%28wmd%29-1220/1236501701/): Non-English page
2026-01-19 23:35:57,878 - ERROR - Failed to parse job 1236468201 (https://careers.ey.com/ey/job/Vienna-%28Senior%29-Associate-Tax-VAT-Advisory-%28mwd%29-1220/1236468201/): Non-English page
2026-01-19 23:36:05,206 - ERROR - Failed to parse job 1184202401 (https://careers.ey.com/ey/job/Eschborn-Frankfurt-%28Main%29-%28Senior%29-Internal-Auditor-Versicherung-und-Pensionskassen-%28Financial-Services%29-%28wmd%29-HE-65760/1184202401/): Non-English page
2026-01-19 23:36:05,891 - ERROR - Failed to parse job 1184199001 (https://careers.ey.com/ey/job/Eschborn-Frankfurt-%28Main%29-%28Senior%29-Consultant-Risk-&-Actuarial-Schwerpunkt-Digital-Strategy-%28Financial-Services%29-%28wmd%29-HE-65760/1184199001/): Non-English page
2026-01-19 23:36:05,923 - ERROR - Failed to parse job 1184169501 (https://careers.ey.com/ey/job/Eschborn-Frankfurt-%28Main%29-Senior-Consultant-IT-Beratung-Pr%C3%BCfung-%28Financial-Services%29-%28wmd%29-HE-65760/1184169501/): Non-English page
2026-01-19 23:36:06,118 - ERROR - Failed to parse job 1214311301 (https://careers.ey.com/ey/job/Eschborn-Frankfurt-%28Main%29-%28Senior%29-Manager-Steuerberatung-Tax-%28Financial-Services%29-%28wmd%29-HE-65760/1214311301/): Non-English page
2026-01-19 23:36:12,502 - ERROR - Failed to parse job 1224847801 (https://careers.ey.com/ey/job/Stuttgart-Consultant-Wirtschaftspr%C3%BCfung-Audit-%28wmd%29-BW-70629/1224847801/): Non-English page
2026-01-19 23:36:12,549 - ERROR - Failed to parse job 1236079901 (https://careers.ey.com/ey/job/Berlin-Manager-F%C3%B6rdermittelberatung-Innovation-und-Nachhaltigkeit-Global-Incentives-Advisory-%28wmd%29-BE-10117/1236079901/): Non-English page
2026-01-19 23:36:13,450 - ERROR - Failed to parse job 1236184201 (https://careers.ey.com/ey/job/Stuttgart-Duales-Studium-Consulting-International-Management-for-Business-&-Information-Technology-%28wmd%29-BW-70629/1236184201/): Non-English page
2026-01-19 23:36:19,441 - ERROR - Failed to parse job 1256472201 (https://careers.ey.com/ey/job/Recife-Auditora-S%C3%AAnior-Externa-Recife-PE-51020-280/1256472201/): Non-English page
2026-01-19 23:36:22,779 - ERROR - Failed to parse job 1214233201 (https://careers.ey.com/ey/job/M%C3%BCnchen-Lohnbuchhalter-Gehaltsbuchhalter-Payroll-Specialist-%28wmd%29-BY-80636/1214233201/): Non-English page
2026-01-19 23:36:29,465 - ERROR - Failed to parse job 1184167101 (https://careers.ey.com/ey/job/D%C3%BCsseldorf-Senior-Consultant-Quantitative-Risk-Management-Consulting-%28Financial-Services%29-%28wmd%29-NW-40213/1184167101/): Non-English page
2026-01-19 23:36:29,593 - ERROR - Failed to parse job 1184186201 (https://careers.ey.com/ey/job/D%C3%BCsseldorf-%28Senior%29-Manager-Regulatory-&-Compliance-%28Financial-Services%29-%28wmd%29-NW-40213/1184186201/): Non-English page
2026-01-19 23:36:29,782 - ERROR - Failed to parse job 1214314901 (https://careers.ey.com/ey/job/D%C3%BCsseldorf-%28Senior%29-Manager-Digital-Tax-Transformation-&-Processes-%28Financial-Services%29-%28wmd%29-NW-40213/1214314901/): Non-English page
2026-01-19 23:36:30,703 - ERROR - Failed to parse job 1236390401 (https://careers.ey.com/ey/job/Belo-Horizonte-Banco-de-Talentos-para-Assessor-ou-Gerente-Tribut%C3%A1rio-de-Impostos-Indiretos-N%C3%ADvel-Brasil-MG-38082-049/1236390401/): Non-English page
2026-01-19 23:36:31,522 - ERROR - Failed to parse job 1184179001 (https://careers.ey.com/ey/job/Hannover-%28Senior%29-Consultant-Risk-&-Actuarial-Consulting-%28Financial-Services%29-%28wmd%29-NI-30159/1184179001/): Non-English page
2026-01-19 23:36:41,570 - ERROR - Failed to parse job 1193093701 (https://careers.ey.com/ey/job/Bogota-Consultor-SAP-JVA-Bogo/1193093701/): Non-English page
2026-01-19 23:36:42,721 - ERROR - Failed to parse job 1201947601 (https://careers.ey.com/ey/job/Bogota-Senior-Consultant-SAP-ABAP-Clean-Core-Bogo/1201947601/): Non-English page
2026-01-19 23:36:48,590 - ERROR - Failed to parse job 1235577601 (https://careers.ey.com/ey/job/Eschborn-Frankfurt-%28Main%29-Praktikant-Financial-Accounting-und-Transaction-Accounting-Beratung-%28FAAS%29-%28wmd%29-HE-65760/1235577601/): Non-English page
2026-01-19 23:36:49,040 - ERROR - Failed to parse job 1235569401 (https://careers.ey.com/ey/job/Eschborn-Frankfurt-%28Main%29-Praktikant-Wirtschaftspr%C3%BCfung-%28wmd%29-HE-65760/1235569401/): Non-English page
2026-01-19 23:36:54,123 - ERROR - Failed to parse job 1255819101 (https://careers.ey.com/ey/job/Berlin-Senior-Interoperability-Specialist-Digital-Health-Excellence-Center-%28wmd%29-BE-10117/1255819101/): Non-English page
2026-01-19 23:36:54,612 - ERROR - Failed to parse job 1256057801 (https://careers.ey.com/ey/job/Porto-Alegre-S%C3%AAnior-de-Auditoria-Externa%2C-Porto-Alegre-RS-90470-000/1256057801/): Non-English page
2026-01-19 23:36:56,646 - ERROR - Failed to parse job 1235618101 (https://careers.ey.com/ey/job/Stuttgart-Praktikant-Verg%C3%BCtung-Steuerberatung-%28wmd%29-BW-70629/1235618101/): Non-English page
2026-01-19 23:36:56,867 - ERROR - Failed to parse job 1235601301 (https://careers.ey.com/ey/job/Berlin-Praktikant-Wirtschaftspr%C3%BCfung-%28wmd%29-BE-10117/1235601301/): Non-English page
2026-01-19 23:36:56,899 - ERROR - Failed to parse job 1235541201 (https://careers.ey.com/ey/job/Stuttgart-Berater-Corporate-Treasury-&-Working-Capital-Management-%28wmd%29-70629/1235541201/): Non-English page
2026-01-19 23:36:57,251 - ERROR - Failed to parse job 1235768801 (https://careers.ey.com/ey/job/Stuttgart-Werkstudent-Steuerberatung-People-Advisory-Services-Global-Mobility-Tax-%28wmd%29-BW-70629/1235768801/): Non-English page
2026-01-19 23:36:58,000 - ERROR - Failed to parse job 1235732501 (https://careers.ey.com/ey/job/Stuttgart-Werkstudent-Verg%C3%BCtung-Steuerberatung-%28wmd%29-BW-70629/1235732501/): Non-English page
2026-01-19 23:36:58,087 - ERROR - Failed to parse job 1235475401 (https://careers.ey.com/ey/job/Berlin-Berater-IT-Financial-Management-&-Performance-Technology-Strategy-&-Transformation-%28wmd%29-BE-10117/1235475401/): Non-English page
2026-01-19 23:36:59,241 - ERROR - Failed to parse job 1224006601 (https://careers.ey.com/ey/job/M%C3%BCnchen-Consultant-Wirtschaftspr%C3%BCfung-Audit-%28wmd%29-BY-80636/1224006601/): Non-English page
2026-01-19 23:36:59,350 - ERROR - Failed to parse job 1235553101 (https://careers.ey.com/ey/job/M%C3%BCnchen-Werkstudent-Backoffice-in-der-Steuerberatung-%28wmd%29-BY-80636/1235553101/): Non-English page
2026-01-19 23:37:00,256 - ERROR - Failed to parse job 1256106801 (https://careers.ey.com/ey/job/S%C3%A3o-Paulo-JK-Assessor%28a%29-Tribut%C3%A1rio-S%C3%AAnior-Impostos-trabalhistas-e-previd%C3%AAnci%C3%A1rios-%28Tax-labor%29-S%C3%A3o-04543-011/1256106801/): Non-English page
2026-01-19 23:37:02,415 - ERROR - Failed to parse job 1184035201 (https://careers.ey.com/ey/job/Rio-de-Janeiro-Banco-de-Talentos-Gerente-de-Auditoria-de-TI-RJ-22250-040/1184035201/): Non-English page
2026-01-19 23:37:03,769 - ERROR - Failed to parse job 1235592701 (https://careers.ey.com/ey/job/Dortmund-Praktikant-Wirtschaftspr%C3%BCfung-%28wmd%29-NW-44263/1235592701/): Non-English page
2026-01-19 23:37:07,180 - ERROR - Failed to parse job 1235806601 (https://careers.ey.com/ey/job/D%C3%BCsseldorf-Praktikant-Steuerberatung-Tax-%28Financial-Services%29-%28wmd%29-NW-40213/1235806601/): Non-English page
2026-01-19 23:37:09,663 - ERROR - Failed to parse job 1173631201 (https://careers.ey.com/ey/job/Buenos-Aires-EY-Gerente-Senior-de-proyectos-de-consultor%C3%ADa-en-Data-&-Artificial-Intelligence-CABA-1437/1173631201/): Non-English page
2026-01-19 23:37:12,995 - ERROR - Failed to parse job 1265925401 (https://careers.ey.com/ey/job/Ciudad-de-M%C3%A9xico-M%C3%A9xico-CDMX-Staff-SaT-TCF-Financial-Diligence-Ciud-11520/1265925401/): Non-English page
2026-01-19 23:37:18,345 - ERROR - Failed to parse job 1265833301 (https://careers.ey.com/ey/job/Calgary-Chef-d&apos;%C3%A9quipe%2C-Comptabilit%C3%A9-financi%C3%A8re-et-Services-consultatifs-Comptabilisation-des-co%C3%BBts%2C-Certif-AB-T2P-1M4/1265833301/): Non-English page
2026-01-19 23:37:22,118 - ERROR - Failed to parse job 1265913201 (https://careers.ey.com/ey/job/S%C3%A3o-Paulo-JK-Desenvolvedor-%28a%29-Fullstack-S%C3%A3o-04543-011/1265913201/): Non-English page
2026-01-19 23:37:25,879 - ERROR - Failed to parse job 1265913601 (https://careers.ey.com/ey/job/Brasilia-Scrum-Master-Pleno-DF-70316-000/1265913601/): Non-English page
2026-01-19 23:37:27,764 - ERROR - Failed to parse job 1265856701 (https://careers.ey.com/ey/job/Montr%C3%A9al-Conseillerconseiller-principal%2C-Fusions-et-acquisitions-%28Montr%C3%A9al%29-Qu%C3%A9b-H3A-0A8/1265856701/): Non-English page
2026-01-19 23:37:35,419 - ERROR - Failed to parse job 1235075201 (https://careers.ey.com/ey/job/Eschborn-Frankfurt-%28Main%29-Manager-Banking-&-Capital-Markets-%28Financial-Services%29-%28wmd%29-HE-65760/1235075201/): Non-English page
2026-01-19 23:37:39,357 - ERROR - Failed to parse job 1235175201 (https://careers.ey.com/ey/job/Berlin-Wissenschaftlicher-Mitarbeiter-EY-Law-%28wmd%29-BE-10117/1235175201/): Non-English page
2026-01-19 23:37:39,532 - ERROR - Failed to parse job 1255363301 (https://careers.ey.com/ey/job/Berlin-Senior-Developer-Mobile-Apps-%28iOS%2C-Android%2C-Web%29-Digital-Health-Excellence-Center-%28wmd%29-BE-10117/1255363301/): Non-English page
2026-01-19 23:37:40,019 - ERROR - Failed to parse job 1255724201 (https://careers.ey.com/ey/job/Ribeir%C3%A3o-Preto-Assessora-ou-asssessor-tribut%C3%A1rio-senior-Impostos-indiretos-S%C3%A3o-140272-50/1255724201/): Non-English page
2026-01-19 23:37:40,598 - ERROR - Failed to parse job 1235184401 (https://careers.ey.com/ey/job/Berlin-%28Senior%29-Consultant-Public-Sector-Informationsmanagement-%28wmd%29-BE-10117/1235184401/): Non-English page
2026-01-19 23:37:41,241 - ERROR - Failed to parse job 1235286501 (https://careers.ey.com/ey/job/Stuttgart-Praktikant-People-Advisory-Services-Global-Mobility-Tax-%28wmd%29-BW-70629/1235286501/): Non-English page
2026-01-19 23:37:46,064 - ERROR - Failed to parse job 1235319401 (https://careers.ey.com/ey/job/Montr%C3%A9al-Chef-d&apos;%C3%A9quipe-senior%2C-reporting-financier-des-transactions-Certifications-Qu%C3%A9b-H3A-0A8/1235319401/): Non-English page
2026-01-19 23:37:47,083 - ERROR - Failed to parse job 1235323701 (https://careers.ey.com/ey/job/Montr%C3%A9al-Chef-d&apos;%C3%A9quipe%2C-reporting-financier-des-transactions-Certifications-Qu%C3%A9b-H3A-0A8/1235323701/): Non-English page
2026-01-19 23:37:47,328 - ERROR - Failed to parse job 1245764801 (https://careers.ey.com/ey/job/S%C3%A3o-Paulo-JK-Consultor%28a%29-SAP-SD-S%C3%AAnior-S%C3%A3o-04543-011/1245764801/): Non-English page
2026-01-19 23:37:47,946 - ERROR - Failed to parse job 1194293001 (https://careers.ey.com/ey/job/M%C3%BCnchen-Berater-Supply-Chain-Planning-Supply-Chain-&-Operations-%28wmd%29-BY-80636/1194293001/): Non-English page
2026-01-19 23:37:48,053 - ERROR - Failed to parse job 1245735401 (https://careers.ey.com/ey/job/Rio-de-Janeiro-Consultor-S%C3%AAnior-SAP-MM-RJ-22250-040/1245735401/): Non-English page
2026-01-19 23:37:48,274 - ERROR - Failed to parse job 923882201 (https://careers.ey.com/ey/job/S%C3%A3o-Paulo-JK-Banco-de-Talentos-Tech-S%C3%A3o-04543-011/923882201/): Non-English page
2026-01-19 23:37:52,594 - ERROR - Failed to parse job 1235037201 (https://careers.ey.com/ey/job/Hamburg-Duales-Studium-in-der-Unternehmensberatung-Digital-Business-Management-%28Bachelor-of-Arts%29-%28wmd%29-HH-20148/1235037201/): Non-English page
2026-01-19 23:37:56,160 - ERROR - Failed to parse job 1245575801 (https://careers.ey.com/ey/job/S%C3%A3o-Paulo-JK-Analista-de-Tributos-Indiretos-S%C3%A3o-04543-011/1245575801/): Non-English page
2026-01-19 23:37:56,599 - ERROR - Failed to parse job 1235038501 (https://careers.ey.com/ey/job/Eschborn-Frankfurt-%28Main%29-Duales-Studium-Wirtschaftsinformatik-Angewandte-Informatik-Business-Informatics-%28wmd%29-HE-65760/1235038501/): Non-English page
2026-01-19 23:37:57,286 - ERROR - Failed to parse job 1235206401 (https://careers.ey.com/ey/job/Eschborn-Frankfurt-%28Main%29-EY-Parthenon-Praktikant-Deal-Management-&-Deal-Technology-%28wmd%29-HE-65760/1235206401/): Non-English page
2026-01-19 23:37:59,173 - ERROR - Failed to parse job 1255541001 (https://careers.ey.com/ey/job/S%C3%A3o-Paulo-JK-Gerente-de-Tributos-Indiretos-S%C3%A3o-Paulo-1-S%C3%A3o-04543-011/1255541001/): Non-English page
2026-01-19 23:37:59,230 - ERROR - Failed to parse job 1183611201 (https://careers.ey.com/ey/job/S%C3%A3o-Paulo-JK-Banco-de-Talentos-Auditor-ou-Auditora-Senior-de-TI-S%C3%A3o-04543-011/1183611201/): Non-English page
2026-01-19 23:38:03,957 - ERROR - Failed to parse job 1265490901 (https://careers.ey.com/ey/job/Bogota-COL-CNS-TC-Analista-de-Gesti%C3%B3n-y-Desarrollo-Comercial-Bogo/1265490901/): Non-English page
2026-01-19 23:38:13,273 - ERROR - Failed to parse job 1265481001 (https://careers.ey.com/ey/job/S%C3%A3o-Paulo-JK-Analista-de-Tributos-S%C3%A3o-04543-011/1265481001/): Non-English page
2026-01-19 23:38:23,253 - ERROR - Failed to parse job 1213833301 (https://careers.ey.com/ey/job/Eschborn-Frankfurt-%28Main%29-%28Senior%29-Consultant-Steuerberatung-Tax-Transfer-Pricing-%28Financial-Services%29-%28wmd%29-HE-65760/1213833301/): Non-English page
2026-01-19 23:38:23,899 - ERROR - Failed to parse job 1213882701 (https://careers.ey.com/ey/job/Eschborn-Frankfurt-%28Main%29-%28Senior%29-Manager-Steuerberater-Umsatzsteuer-Zoll-Indirect-Tax-%28wmd%29-HE-65760/1213882701/): Non-English page
2026-01-19 23:38:23,934 - ERROR - Failed to parse job 1213730001 (https://careers.ey.com/ey/job/Eschborn-Frankfurt-%28Main%29-%28Senior%29-Consultant-Umsatzsteuer-Indirect-Tax-%28Financial-Services%29-%28wmd%29-HE-65760/1213730001/): Non-English page
2026-01-19 23:38:24,030 - ERROR - Failed to parse job 1213905201 (https://careers.ey.com/ey/job/Eschborn-Frankfurt-%28Main%29-Senior-Consultant-Tax-Steuerberatung-%28Financial-Services%29-%28wmd%29-HE-65760/1213905201/): Non-English page
2026-01-19 23:38:24,043 - ERROR - Failed to parse job 1213720201 (https://careers.ey.com/ey/job/Eschborn-Frankfurt-%28Main%29-EY-Parthenon-Mathematiker-Unternehmensberatung-Strategy-and-Transactions-%28wmd%29-HE-65760/1213720201/): Non-English page
2026-01-19 23:38:24,410 - ERROR - Failed to parse job 1182842401 (https://careers.ey.com/ey/job/Eschborn-Frankfurt-%28Main%29-Manager-Digital-Risk-Consulting-%28Financial-Services%29-%28wmd%29-HE-65760/1182842401/): Non-English page
2026-01-19 23:38:28,548 - ERROR - Failed to parse job 1193733001 (https://careers.ey.com/ey/job/Berlin-Berater-Cybersecurity-Strategy-%28wmd%29-BE-10117/1193733001/): Non-English page
2026-01-19 23:38:30,306 - ERROR - Failed to parse job 1193986001 (https://careers.ey.com/ey/job/Berlin-SAP-Solution-Architect-%28wmd%29-BE-10117/1193986001/): Non-English page
2026-01-19 23:38:31,129 - ERROR - Failed to parse job 1193988901 (https://careers.ey.com/ey/job/Berlin-Business-Process-Consultant-SAP-S4HANA-Sourcing-&-Procurement-%28SAP-MM%2C-SAP-ARIBA%29-%28wmd%29-BE-10117/1193988901/): Non-English page
2026-01-19 23:38:31,151 - ERROR - Failed to parse job 1193943701 (https://careers.ey.com/ey/job/Berlin-SAP-Business-Process-and-Technology-Consultant-%28wmd%29-BE-10117/1193943701/): Non-English page
2026-01-19 23:38:31,171 - ERROR - Failed to parse job 1193949801 (https://careers.ey.com/ey/job/Berlin-Business-Process-Consultant-SAP-S4HANA-Sales-%28SAP-SD%2C-Order-to-Cash%29-%28wmd%29-BE-10117/1193949801/): Non-English page
2026-01-19 23:38:31,959 - ERROR - Failed to parse job 1203689301 (https://careers.ey.com/ey/job/Berlin-Berater-Cloud-Manager-Digital-Engineering-%28wmd%29-BE-10117/1203689301/): Non-English page
2026-01-19 23:38:32,958 - ERROR - Failed to parse job 1193749101 (https://careers.ey.com/ey/job/Stuttgart-Manager-Accounting-%28Finance-Managed-Services%29-Global-Compliance-&-Reporting-%28wmd%29-BW-70629/1193749101/): Non-English page
2026-01-19 23:38:34,543 - ERROR - Failed to parse job 1213773601 (https://careers.ey.com/ey/job/M%C3%BCnchen-%28Senior%29-Manager-Wirtschaftspr%C3%BCfung-Audit-Versicherungen-%28Financial-Services%29-%28wmd%29-BY-80636/1213773601/): Non-English page
2026-01-19 23:38:36,171 - ERROR - Failed to parse job 1213886301 (https://careers.ey.com/ey/job/M%C3%BCnchen-Senior-Consultant-Wirtschaftspr%C3%BCfung-Audit-Versicherungen-%28Financial-Services%29-%28wmd%29-BY-80636/1213886301/): Non-English page
2026-01-19 23:38:39,963 - ERROR - Failed to parse job 1213896901 (https://careers.ey.com/ey/job/Hamburg-%28Senior%29-Consultant-Accounting-and-Statutory-Reporting-Global-Compliance-&-Reporting-%28wmd%29-HH-20148/1213896901/): Non-English page
2026-01-19 23:38:40,215 - ERROR - Failed to parse job 1255155401 (https://careers.ey.com/ey/job/D%C3%BCsseldorf-%28Senior%29-Consultant-Risk-IT-Asset-Management-%28wmd%29-NW-40213/1255155401/): Non-English page
2026-01-19 23:38:40,987 - ERROR - Failed to parse job 1203697601 (https://careers.ey.com/ey/job/Berlin-Projekt-Manager-Healthcare-IT-Digital-Health-Excellence-Center-%28wmd%29-BE-10117/1203697601/): Non-English page
2026-01-19 23:38:42,673 - ERROR - Failed to parse job 1255285901 (https://careers.ey.com/ey/job/S%C3%A3o-Paulo-JK-Report-Developer-QlikSense-&-QlikView-Senior-S%C3%A3o-04543-011/1255285901/): Non-English page
2026-01-19 23:38:42,824 - ERROR - Failed to parse job 1203683501 (https://careers.ey.com/ey/job/Berlin-Berater-Cloud-Professional-Digital-Engineering-%28wmd%29-BE-10117/1203683501/): Non-English page
2026-01-19 23:38:43,779 - ERROR - Failed to parse job 1265121701 (https://careers.ey.com/ey/job/Bogota-ABAP-Cloud-Clean-Core-Sr-Bogo/1265121701/): Non-English page
2026-01-19 23:38:46,030 - ERROR - Failed to parse job 1143493401 (https://careers.ey.com/ey/job/Montr%C3%A9al-Prix-de-transfert-Professionnel-senior-de-fiscalit%C3%A9-Qu%C3%A9b-H3A-0A8/1143493401/): Non-English page
2026-01-19 23:38:48,532 - ERROR - Failed to parse job 1265097501 (https://careers.ey.com/ey/job/Valencia-VEN-VALENCIA-TAX-GCR-SENIOR-G/1265097501/): Non-English page
2026-01-19 23:38:56,958 - ERROR - Failed to parse job 1223831501 (https://careers.ey.com/ey/job/Bogota-Especialista-en-Planeaci%C3%B3n-de-Distribuci%C3%B3n-%28DRP%29-Bogo/1223831501/): Non-English page
2026-01-19 23:38:57,589 - ERROR - Failed to parse job 1254772801 (https://careers.ey.com/ey/job/Bogota-Backend-Engineer-C-Bogo/1254772801/): Non-English page
2026-01-19 23:39:00,403 - ERROR - Failed to parse job 1254776101 (https://careers.ey.com/ey/job/Bogota-Backend-Engineer-C-Azure-Bogo/1254776101/): Non-English page
2026-01-19 23:39:01,666 - ERROR - Failed to parse job 1203514501 (https://careers.ey.com/ey/job/Recife-Analista-SAP-Basis-Pleno-Recife-PE-50030-230/1203514501/): Non-English page
2026-01-19 23:39:02,093 - ERROR - Failed to parse job 1203513901 (https://careers.ey.com/ey/job/Recife-Analista-SAP-Basis-Senior-Recife-PE-50030-230/1203513901/): Non-English page
2026-01-19 23:39:02,896 - ERROR - Failed to parse job 1213317001 (https://careers.ey.com/ey/job/Eschborn-Frankfurt-%28Main%29-%28Senior%29-Manager-Lohnsteuerberatung-%28wmd%29-HE-65760/1213317001/): Non-English page
2026-01-19 23:39:03,448 - ERROR - Failed to parse job 1213342001 (https://careers.ey.com/ey/job/Eschborn-Frankfurt-%28Main%29-Manager-Umsatzsteuer-Indirect-Tax-%28Financial-Services%29-%28wmd%29-HE-65760/1213342001/): Non-English page
2026-01-19 23:39:03,592 - ERROR - Failed to parse job 1193463801 (https://careers.ey.com/ey/job/Eschborn-Frankfurt-%28Main%29-Berater-Product-Lifecycle-Management-%28PLM%29-Supply-Chain-&-Operations-%28wmd%29-HE-65760/1193463801/): Non-English page
2026-01-19 23:39:04,240 - ERROR - Failed to parse job 1213309501 (https://careers.ey.com/ey/job/Eschborn-Frankfurt-%28Main%29-Strategic-Consultant-HR-Due-Diligence-Reward-%28wmd%29-HE-65760/1213309501/): Non-English page
2026-01-19 23:39:04,466 - ERROR - Failed to parse job 1213376801 (https://careers.ey.com/ey/job/Eschborn-Frankfurt-%28Main%29-Consultant-Wirtschaftspr%C3%BCfung-Audit-Wealth-und-Asset-Management-%28Financial-Services%29-%28wmd%29-HE-65760/1213376801/): Non-English page
2026-01-19 23:39:05,198 - ERROR - Failed to parse job 1213355501 (https://careers.ey.com/ey/job/Eschborn-Frankfurt-%28Main%29-Consultant-Banken-pr%C3%BCfungsnahe-Beratung-%28Financial-Services%29-%28wmd%29-HE-65760/1213355501/): Non-English page
2026-01-19 23:39:06,354 - ERROR - Failed to parse job 1213349001 (https://careers.ey.com/ey/job/Eschborn-Frankfurt-%28Main%29-Senior-Consultant-Digital-Tax-Transformation-&-Processes-%28Financial-Services%29-%28wmd%29-HE-65760/1213349001/): Non-English page
2026-01-19 23:39:10,281 - ERROR - Failed to parse job 1213345001 (https://careers.ey.com/ey/job/Berlin-Doktorand-betriebswirtschaftliche-Steuerlehre-Steuerrecht-National-Office-Tax-%28wmd%29-BE-10117/1213345001/): Non-English page
2026-01-19 23:39:13,258 - ERROR - Failed to parse job 1193477301 (https://careers.ey.com/ey/job/Berlin-%28Senior%29-Berater-Datenschutz-Cyber-Security-%28wmd%29-BE-10117/1193477301/): Non-English page
2026-01-19 23:39:13,546 - ERROR - Failed to parse job 1193467201 (https://careers.ey.com/ey/job/Berlin-Berater-IAM-Cyber-Security-%28wmd%29-BE-10117/1193467201/): Non-English page
2026-01-19 23:39:14,157 - ERROR - Failed to parse job 1203419301 (https://careers.ey.com/ey/job/Berlin-Berater-Cloud-Architect-Digital-Engineering-%28wmd%29-BE-10117/1203419301/): Non-English page
2026-01-19 23:39:14,701 - ERROR - Failed to parse job 1213319601 (https://careers.ey.com/ey/job/M%C3%BCnchen-Volkswirt-Betriebswirt-als-Consultant-im-Bereich-Tax-Technology-%28wmd%29-BY-80636/1213319601/): Non-English page
2026-01-19 23:39:15,560 - ERROR - Failed to parse job 1182369301 (https://careers.ey.com/ey/job/Stuttgart-Trainee-FinancePLUS-Audit-&-Advisory-Dein-360-Grad-Karrierestart-%28wmd%29-BW-70629/1182369301/): Non-English page
2026-01-19 23:39:21,425 - ERROR - Failed to parse job 1213481801 (https://careers.ey.com/ey/job/Rio-de-Janeiro-Assessora-ou-Assessor-Tribut%C3%A1rio-S%C3%AAnior-Impostos-diretos-RJ-22250-040/1213481801/): Non-English page
2026-01-19 23:39:22,198 - ERROR - Failed to parse job 1213359401 (https://careers.ey.com/ey/job/M%C3%BCnchen-%28Senior%29-Manager-IT-Audit-Pr%C3%BCfung-Technology-Risk-VollTeilzeit-%28wmd%29-BY-80636/1213359401/): Non-English page
2026-01-19 23:39:23,051 - ERROR - Failed to parse job 1213400601 (https://careers.ey.com/ey/job/Eschborn-Frankfurt-%28Main%29-Consultant-Wirtschaftspr%C3%BCfung-Audit-Banken-%28Financial-Services%29-%28wmd%29-HE-65760/1213400601/): Non-English page
2026-01-19 23:39:23,203 - ERROR - Failed to parse job 1213303101 (https://careers.ey.com/ey/job/Eschborn-Frankfurt-%28Main%29-Strategic-Consultant-Reward-%28wmd%29-HE-65760/1213303101/): Non-English page
2026-01-19 23:39:27,633 - ERROR - Failed to parse job 1264657201 (https://careers.ey.com/ey/job/Bogota-Consultor-Integracion-SAP-Sr-Bogo/1264657201/): Non-English page
2026-01-19 23:39:28,083 - ERROR - Failed to parse job 1264662201 (https://careers.ey.com/ey/job/Bogota-Data-Scientist-Bogo/1264662201/): Non-English page
2026-01-19 23:39:28,865 - ERROR - Failed to parse job 1223701901 (https://careers.ey.com/ey/job/Berlin-EY-Parthenon-Manager-Strategy-%28wmd%29-BE-10117/1223701901/): Non-English page
2026-01-19 23:39:29,884 - ERROR - Failed to parse job 1193471901 (https://careers.ey.com/ey/job/M%C3%BCnchen-Berater-Cloud-Cyber-Security-%28wmd%29-BY-80636/1193471901/): Non-English page
2026-01-19 23:39:37,175 - ERROR - Failed to parse job 1264713701 (https://careers.ey.com/ey/job/Buenos-Aires-EY-Analista-Senior-de-Impuestos-%28Transaction-Tax%29-CABA-1002/1264713701/): Non-English page
2026-01-19 23:39:45,491 - ERROR - Failed to parse job 1213080601 (https://careers.ey.com/ey/job/Eschborn-Frankfurt-%28Main%29-%28Senior%29-Consultant-Digital-&-Emerging-Technologies-%28Financial-Services%29-%28wmd%29-HE-65760/1213080601/): Non-English page
2026-01-19 23:39:48,180 - ERROR - Failed to parse job 1192738201 (https://careers.ey.com/ey/job/Stuttgart-Senior-Consultant-Accounting-%28Finance-Managed-Services%29-Global-Compliance-&-Reporting-%28wmd%29-BW-70629/1192738201/): Non-English page
2026-01-19 23:39:55,292 - ERROR - Failed to parse job 1060019601 (https://careers.ey.com/ey/job/Rio-de-Janeiro-Banco-de-Talentos-Exclusivo-PCD%2C-Assistente-de-Consultoria-em-Temas-Cont%C3%A1beis-e-Financeiros-RJ-22250-040/1060019601/): Non-English page
2026-01-19 23:39:57,795 - ERROR - Failed to parse job 1264277901 (https://careers.ey.com/ey/job/Ciudad-de-M%C3%A9xico-M%C3%A9x-CDMX-Assurance-Audit-Services-Senior-3-Ciud-11520/1264277901/): Non-English page
2026-01-19 23:39:57,898 - ERROR - Failed to parse job 1192758901 (https://careers.ey.com/ey/job/Hamburg-%28Senior%29-Manager-Accounting-and-Statutory-Reporting-Global-Compliance-&-Reporting-%28wmd%29-HH-20148/1192758901/): Non-English page
2026-01-19 23:40:00,500 - ERROR - Failed to parse job 1212853301 (https://careers.ey.com/ey/job/M%C3%BCnchen-%28Senior%29-Consultant-International-Transaction-Tax-Advisory-%28wmd%29-BY-80636/1212853301/): Non-English page
2026-01-19 23:40:01,180 - ERROR - Failed to parse job 1264168401 (https://careers.ey.com/ey/job/Eschborn-Frankfurt-%28Main%29-Payroll-Specialist-in-Voll-und-Teilzeit-%28wmd%29-HE-65760/1264168401/): Non-English page
2026-01-19 23:40:01,452 - ERROR - Failed to parse job 1264281301 (https://careers.ey.com/ey/job/Buenos-Aires-EY-Consultora-Senior-para-an%C3%A1lisis-de-Payroll-y-Seguridad-Social-CABA-1002/1264281301/): Non-English page
2026-01-19 23:40:03,113 - ERROR - Failed to parse job 1264311101 (https://careers.ey.com/ey/job/S%C3%A3o-Paulo-JK-Gerente-Tribut%C3%A1rio%28a%29-Pre%C3%A7os-de-Transfer%C3%AAncia-S%C3%A3o-04543-011/1264311101/): Non-English page
2026-01-19 23:40:04,523 - ERROR - Failed to parse job 1264256001 (https://careers.ey.com/ey/job/S%C3%A3o-Paulo-JK-Profissional-de-Planejamento%2C-Custos-e-Cronograma-S%C3%A3o-04543-011/1264256001/): Non-English page
2026-01-19 23:40:04,739 - ERROR - Failed to parse job 1264179201 (https://careers.ey.com/ey/job/K%C3%B6ln-Expert-DATEV-Support-%28wmd%29-NW-50667/1264179201/): Non-English page
2026-01-19 23:40:13,788 - ERROR - Failed to parse job 1222454801 (https://careers.ey.com/ey/job/Eschborn-Frankfurt-%28Main%29-Consultant-Wirtschaftspr%C3%BCfung-Audit-%28wmd%29-HE-65760/1222454801/): Non-English page
2026-01-19 23:40:14,723 - ERROR - Failed to parse job 1212572101 (https://careers.ey.com/ey/job/Eschborn-Frankfurt-%28Main%29-%28Senior%29-Consultant-Zoll-und-Verbrauchsteuern-Indirect-Tax-%28wmd%29-HE-65760/1212572101/): Non-English page
2026-01-19 23:40:15,404 - ERROR - Failed to parse job 1212578001 (https://careers.ey.com/ey/job/Eschborn-Frankfurt-%28Main%29-Data-Scientist-Analyst-pr%C3%BCfungsnahe-Beratung-Quants-Assurance-%28Financial-Services%29-%28wmd%29-HE-65760/1212578001/): Non-English page
2026-01-19 23:40:15,406 - ERROR - Failed to parse job 1212601801 (https://careers.ey.com/ey/job/Eschborn-Frankfurt-%28Main%29-Senior-Consultant-AML-Compliance-%28Financial-Services%29-%28wmd%29-HE-65760/1212601801/): Non-English page
2026-01-19 23:40:15,986 - ERROR - Failed to parse job 1212525301 (https://careers.ey.com/ey/job/Eschborn-Frankfurt-%28Main%29-Steuerfachangestellter-Steuerfachwirt-Lohn-und-Gehaltsbuchhalter-Tax-%28wmd%29-HE-65760/1212525301/): Non-English page
2026-01-19 23:40:16,221 - ERROR - Failed to parse job 1212375001 (https://careers.ey.com/ey/job/Eschborn-Frankfurt-%28Main%29-Praktikant-Risk-Consulting-%28wmd%29-HE-65760/1212375001/): Non-English page
2026-01-19 23:40:16,264 - ERROR - Failed to parse job 1212541601 (https://careers.ey.com/ey/job/Eschborn-Frankfurt-%28Main%29-Steuerfachangestellter-Steuerfachwirt-Bilanzbuchhalter-Steuerberatung-%28wmd%29-HE-65760/1212541601/): Non-English page
2026-01-19 23:40:16,510 - ERROR - Failed to parse job 1212565601 (https://careers.ey.com/ey/job/Berlin-%28Senior%29-Consultant-Tax-International-Management-Incentives-with-Transaction-Focus-%28wmd%29-BE-10117/1212565601/): Non-English page
2026-01-19 23:40:18,778 - ERROR - Failed to parse job 1212449301 (https://careers.ey.com/ey/job/Berlin-Rechtsanwalt-Bankaufsichtsrecht-Kapitalmarktrecht-EY-Law-%28Financial-Services%29-%28wmd%29-BE-10117/1212449301/): Non-English page
2026-01-19 23:40:18,993 - ERROR - Failed to parse job 1212549501 (https://careers.ey.com/ey/job/Berlin-%28Senior%29-Consultant-Steuerberatung-Global-Mobility-%28wmd%29-BE-10117/1212549501/): Non-English page
2026-01-19 23:40:21,383 - ERROR - Failed to parse job 1234228101 (https://careers.ey.com/ey/job/Berlin-Duales-Studium-in-der-Steuerberatung-BWL-Dienstleistungsmanagement-Bachelor-of-Arts-%28wmd%29-BE-10117/1234228101/): Non-English page
2026-01-19 23:40:30,234 - ERROR - Failed to parse job 1234180901 (https://careers.ey.com/ey/job/D%C3%BCsseldorf-Duales-Studium-in-der-Steuerberatung-BWL-Lieferkettenmanagement-&-Logistik-%28wmd%29-NW-40213/1234180901/): Non-English page
2026-01-19 23:40:30,815 - ERROR - Failed to parse job 926509401 (https://careers.ey.com/ey/job/S%C3%A3o-Paulo-JK-Banco-de-Talentos-Programa-Entry-Level-S%C3%A3o-04543-011/926509401/): Non-English page
2026-01-19 23:40:32,983 - ERROR - Failed to parse job 1234240901 (https://careers.ey.com/ey/job/Dortmund-Duales-Studium-%28Bachelor-of-Arts%29-BWL-Steuerberatung-2026-%28wmd%29-NW-44263/1234240901/): Non-English page
2026-01-19 23:40:39,463 - ERROR - Failed to parse job 1200274701 (https://careers.ey.com/ey/job/Santiago-Staff-Compliance-Regi/1200274701/): Non-English page
2026-01-19 23:40:39,821 - ERROR - Failed to parse job 1244256201 (https://careers.ey.com/ey/job/Recife-Consultora-Funcional-SAP-CO-Senior-PE-50030-230/1244256201/): Non-English page
2026-01-19 23:40:43,074 - ERROR - Failed to parse job 1212117801 (https://careers.ey.com/ey/job/Eschborn-Frankfurt-%28Main%29-EY-Parthenon-%28Senior%29-Manager-Healthcare-Transformation-Strategy-and-Transactions-%28wmd%29-HE-65760/1212117801/): Non-English page
2026-01-19 23:40:43,278 - ERROR - Failed to parse job 1212123201 (https://careers.ey.com/ey/job/Eschborn-Frankfurt-%28Main%29-EY-Parthenon-%28Senior%29-Manager-Healthcare-Insurance-Strategy-and-Transactions-%28wmd%29-HE-65760/1212123201/): Non-English page
2026-01-19 23:40:43,373 - ERROR - Failed to parse job 1212069101 (https://careers.ey.com/ey/job/Eschborn-Frankfurt-%28Main%29-Berater-Digital-Finance-&-Logistik-%28P2P%29-Business-Consulting-%28wmd%29-HE-65760/1212069101/): Non-English page
2026-01-19 23:40:47,493 - ERROR - Failed to parse job 1212083901 (https://careers.ey.com/ey/job/Berlin-SAP-Innovation-Engineer-%28wmd%29-BE-10117/1212083901/): Non-English page
2026-01-19 23:40:47,716 - ERROR - Failed to parse job 1212090701 (https://careers.ey.com/ey/job/Berlin-Berater-Government-&-Public-Sector-SAP-Finance-%28wmd%29-BE-10117/1212090701/): Non-English page
2026-01-19 23:40:47,727 - ERROR - Failed to parse job 1212088501 (https://careers.ey.com/ey/job/Berlin-Public-SAP-Berater-%28wmd%29-BE-10117/1212088501/): Non-English page
2026-01-19 23:40:48,053 - ERROR - Failed to parse job 1212057301 (https://careers.ey.com/ey/job/Berlin-Berater-Digital-Finance-&-Controlling-Business-Consulting-%28wmd%29-BE-10117/1212057301/): Non-English page
2026-01-19 23:40:48,627 - ERROR - Failed to parse job 1212120201 (https://careers.ey.com/ey/job/Berlin-EY-Parthenon-%28Senior%29-Consultant-Healthcare-Strategy-and-Transactions-%28wmd%29-BE-10117/1212120201/): Non-English page
2026-01-19 23:40:51,289 - ERROR - Failed to parse job 1181391201 (https://careers.ey.com/ey/job/Berlin-Berater-Konsolidierung%2C-Planung-und-Reporting-Business-Consulting-%28wmd%29-BE-10117/1181391201/): Non-English page
2026-01-19 23:40:51,339 - ERROR - Failed to parse job 1221864501 (https://careers.ey.com/ey/job/Berlin-EY-Parthenon-Praktikant-Real-Estate%2C-Transaction-Advisory-%28wmd%29-BE-10117/1221864501/): Non-English page
2026-01-19 23:40:51,841 - ERROR - Failed to parse job 1181770601 (https://careers.ey.com/ey/job/Berlin-Berater-OTIOT-Cyber-Security-%28wmd%29-BE-10117/1181770601/): Non-English page
2026-01-19 23:40:53,065 - ERROR - Failed to parse job 1233975901 (https://careers.ey.com/ey/job/Berlin-EY-Parthenon-%28Senior%29-Consultant-Data-Engineer-Strategy-and-Transactions-%28wmd%29-BE-10117/1233975901/): Non-English page
2026-01-19 23:40:53,939 - ERROR - Failed to parse job 1233839101 (https://careers.ey.com/ey/job/Berlin-%28Senior%29-Manager-AI-Transformation-von-Finanzprozessen-Business-Consulting-%28wmd%29-BE-10117/1233839101/): Non-English page
2026-01-19 23:41:01,450 - ERROR - Failed to parse job 1221854901 (https://careers.ey.com/ey/job/M%C3%BCnchen-EY-Parthenon-Werkstudent-Real-Estate-Transaction-Advisory-%28wmd%29-BY-80636/1221854901/): Non-English page
2026-01-19 23:41:02,445 - ERROR - Failed to parse job 1244313901 (https://careers.ey.com/ey/job/Montr%C3%A9al-Professionnel-senior-Certification-Analytique-Qu%C3%A9b-H3A-0A8/1244313901/): Non-English page
2026-01-19 23:41:11,367 - ERROR - Failed to parse job 1222240801 (https://careers.ey.com/ey/job/Rio-de-Janeiro-Assessora-ou-Assessor-Tribut%C3%A1rio-S%C3%AAnior-Impostos-diretos-RJ-22250-040/1222240801/): Non-English page
2026-01-19 23:41:12,501 - ERROR - Failed to parse job 1222188101 (https://careers.ey.com/ey/job/Belo-Horizonte-Consultor-ou-Consultora-em-BIM-MG-38082-049/1222188101/): Non-English page
2026-01-19 23:41:14,523 - ERROR - Failed to parse job 1212100101 (https://careers.ey.com/ey/job/Hannover-Rechtsanwalt-IT-Recht-Digital-Law-Datenschutz-EY-Law-%28wmd%29-NI-30159/1212100101/): Non-English page
2026-01-19 23:41:26,053 - ERROR - Failed to parse job 1253873201 (https://careers.ey.com/ey/job/S%C3%A3o-Paulo-JK-Engenheiro%28a%29-de-Dados-S%C3%AAnior-%28AWS-GLUE%29-S%C3%A3o-04543-011/1253873201/): Non-English page
2026-01-19 23:41:26,314 - ERROR - Failed to parse job 1253960801 (https://careers.ey.com/ey/job/Belo-Horizonte-Engenheiro-%28a%29-de-Dados-LLM-MG-38082-049/1253960801/): Non-English page
2026-01-19 23:41:27,860 - ERROR - Failed to parse job 995754201 (https://careers.ey.com/ey/job/Montevideo-Banco-de-talentos/995754201/): Non-English page
2026-01-19 23:41:32,281 - ERROR - Failed to parse job 1221658301 (https://careers.ey.com/ey/job/Eschborn-Frankfurt-%28Main%29-EY-Parthenon-Praktikant-Valuation-Transactions-and-Corporate-Finance-%28Financial-Services%29-%28wmd%29-HE-65760/1221658301/): Non-English page
2026-01-19 23:41:33,767 - ERROR - Failed to parse job 1233164001 (https://careers.ey.com/ey/job/Berlin-EY-Parthenon-Consultant-Strategy-%28wmd%29-BE-10117/1233164001/): Non-English page
2026-01-19 23:41:34,420 - ERROR - Failed to parse job 1233151901 (https://careers.ey.com/ey/job/Eschborn-Frankfurt-%28Main%29-EY-Parthenon-Consultant-Transaction-Strategy-&-Execution-%28Financial-Services%29-%28wmd%29-HE-65760/1233151901/): Non-English page
2026-01-19 23:41:34,551 - ERROR - Failed to parse job 1233141501 (https://careers.ey.com/ey/job/Eschborn-Frankfurt-%28Main%29-EY-Parthenon-Consultant-Restructuring-Strategy-&-Transactions-%28Financial-Services%29-%28wmd%29-HE-65760/1233141501/): Non-English page
2026-01-19 23:41:34,922 - ERROR - Failed to parse job 1221348601 (https://careers.ey.com/ey/job/Eschborn-Frankfurt-%28Main%29-EY-Parthenon-Praktikant-Strategy-and-Execution-Deal-Management-%28Financial-Services%29-%28wmd%29-HE-65760/1221348601/): Non-English page
2026-01-19 23:41:37,511 - ERROR - Failed to parse job 1221341001 (https://careers.ey.com/ey/job/M%C3%BCnchen-EY-Parthenon-Praktikant-Financial-Diligence-%28Financial-Services%29-%28wmd%29-BY-80636/1221341001/): Non-English page
2026-01-19 23:41:39,186 - ERROR - Failed to parse job 1221461701 (https://careers.ey.com/ey/job/D%C3%BCsseldorf-EY-Parthenon-Praktikant-Corporate-Bau-Wirtschaftsingenieurwesen%2C-Architektur-Real-Estate-%28wmd%29-NW-40213/1221461701/): Non-English page
2026-01-19 23:41:39,913 - ERROR - Failed to parse job 1221384301 (https://careers.ey.com/ey/job/M%C3%BCnchen-EY-Parthenon-Praktikant-Corporate-Real-Estate%2C-ESG-%28wmd%29-BY-80636/1221384301/): Non-English page
2026-01-19 23:41:40,149 - ERROR - Failed to parse job 1221504501 (https://careers.ey.com/ey/job/D%C3%BCsseldorf-EY-Parthenon-Praktikant-Decision-Modelling-&-Economics-%28wmd%29-NW-40213/1221504501/): Non-English page
2026-01-19 23:41:40,957 - ERROR - Failed to parse job 1221360401 (https://careers.ey.com/ey/job/D%C3%BCsseldorf-EY-Parthenon-Werkstudent-Programmierung-HR-Transactions-Deal-Management-%28wmd%29-NW-40213/1221360401/): Non-English page
2026-01-19 23:41:41,446 - ERROR - Failed to parse job 1221368001 (https://careers.ey.com/ey/job/Hamburg-EY-Parthenon-Praktikant-Financial-&-Business-Modeling-Transactions-&-Corporate-Finance-%28wmd%29-HH-20148/1221368001/): Non-English page
2026-01-19 23:41:41,465 - ERROR - Failed to parse job 1221405501 (https://careers.ey.com/ey/job/Hamburg-EY-Parthenon-Praktikant-Financial-Due-Diligence-%28wmd%29-HH-20148/1221405501/): Non-English page
2026-01-19 23:41:42,418 - ERROR - Failed to parse job 1221637601 (https://careers.ey.com/ey/job/Berlin-EY-Parthenon-Praktikant-Real-Estate-&-Infrastructure%2C-Transformation-&-Projectmanagement-%28wmd%29-BE-10117/1221637601/): Non-English page
2026-01-19 23:41:43,390 - ERROR - Failed to parse job 1209111701 (https://careers.ey.com/ey/job/Montr%C3%A9al-IA-et-Donn%C3%A9es-Architecte-de-solutions-Responsable-technique-%28Snowflake%29-Montr%C3%A9al-Qu%C3%A9b-H3A-0A8/1209111701/): Non-English page
2026-01-19 23:41:44,083 - ERROR - Failed to parse job 1221541301 (https://careers.ey.com/ey/job/Stuttgart-EY-Parthenon-Praktikant-Transactions-&-Corporate-Finance-Valuation-%28wmd%29-BW-70629/1221541301/): Non-English page
2026-01-19 23:41:44,531 - ERROR - Failed to parse job 1221785701 (https://careers.ey.com/ey/job/Recife-Pessoa-Consultora-BTPCPI-S%C3%AAnior-PE-50030-230/1221785701/): Non-English page
2026-01-19 23:41:47,175 - ERROR - Failed to parse job 1221517101 (https://careers.ey.com/ey/job/Berlin-EY-Parthenon-Senior-Consultant-Strategy-%28wmd%29-BE-10117/1221517101/): Non-English page
2026-01-19 23:41:47,349 - ERROR - Failed to parse job 1233168601 (https://careers.ey.com/ey/job/Berlin-EY-Parthenon-Praktikant-Strategy-%28wmd%29-BE-10117/1233168601/): Non-English page
2026-01-19 23:41:52,570 - ERROR - Failed to parse job 1263781301 (https://careers.ey.com/ey/job/Eschborn-Frankfurt-%28Main%29-Praktikant-IPO-und-Listing-Services-%28wmd%29-HE-65760/1263781301/): Non-English page
2026-01-19 23:41:53,617 - ERROR - Failed to parse job 1263883401 (https://careers.ey.com/ey/job/Campinas-Gerente-S%C3%AAnior-Tribut%C3%A1rio-de-Impostos-Indiretos-Campinas-S%C3%A3o-13092-123/1263883401/): Non-English page
2026-01-19 23:41:53,983 - ERROR - Failed to parse job 1263900801 (https://careers.ey.com/ey/job/Ciudad-de-M%C3%A9xico-Consultor-en-Sostenibilidad-y-Cambio-Clim%C3%A1tico-Ciud-11520/1263900801/): Non-English page
2026-01-19 23:41:59,142 - ERROR - Failed to parse job 1253240301 (https://careers.ey.com/ey/job/Stuttgart-EY-Parthenon-Werkstudent-Pr%C3%BCfungen-in-Insolvenzverfahren-Financial-Restructuring-%28wmd%29-BW-70629/1253240301/): Non-English page
2026-01-19 23:42:14,557 - ERROR - Failed to parse job 1208766201 (https://careers.ey.com/ey/job/Santa-Cruz-Senior-de-Impuestos-Santa-Cruz/1208766201/): Non-English page
2026-01-19 23:42:20,421 - ERROR - Failed to parse job 1216476301 (https://careers.ey.com/ey/job/D%C3%BCsseldorf-Praktikant-im-Bereich-Energiewirtschaft-Business-Transformation-%28wmd%29-NW-40213/1216476301/): Non-English page
2026-01-19 23:42:24,697 - ERROR - Failed to parse job 1145755701 (https://careers.ey.com/ey/job/Montevideo-Estudiante-de-Contador-P%C3%BAblico-para-el-%C3%A1rea-contable-%28h%C3%ADbrido%29/1145755701/): Non-English page
2026-01-19 23:42:30,976 - ERROR - Failed to parse job 1203603901 (https://careers.ey.com/ey/job/Montr%C3%A9al-Chef-d&apos;%C3%A9quipe-EY-Priv%C3%A9-Certification-Qu%C3%A9b-H3A-0A8/1203603901/): Non-English page
2026-01-19 23:42:32,200 - ERROR - Failed to parse job 1254160101 (https://careers.ey.com/ey/job/Vienna-People-&-Transformation-Consulting-%28mwd%29-1220/1254160101/): Non-English page
2026-01-19 23:42:37,657 - ERROR - Failed to parse job 1249287901 (https://careers.ey.com/ey/job/S%C3%A3o-Paulo-JK-Analista-Folha-de-Pagamento-S%C3%A3o-04543-011/1249287901/): Non-English page
2026-01-19 23:42:38,248 - ERROR - Failed to parse job 1239453601 (https://careers.ey.com/ey/job/Eschborn-Frankfurt-%28Main%29-EY-Parthenon-Praktikant-Strategy-%28Financial-Services%29-%28wmd%29-HE-65760/1239453601/): Non-English page
2026-01-19 23:42:39,981 - ERROR - Failed to parse job 1216440901 (https://careers.ey.com/ey/job/M%C3%BCnchen-Finance-Excellence-Program-Trainee-Business-Consulting-%28wmd%29-BY-80636/1216440901/): Non-English page
2026-01-19 23:42:46,371 - ERROR - Failed to parse job 1131687201 (https://careers.ey.com/ey/job/Montevideo-Estudiante-de-Contador-para-el-%C3%A1rea-de-Outsourcing-%28h%C3%ADbrido%29/1131687201/): Non-English page
2026-01-19 23:42:48,393 - ERROR - Failed to parse job 1118652501 (https://careers.ey.com/ey/job/Kuala-Lumpur-Assurance-Financial-Accounting-Advisory-Services-Manager-Fede-50490/1118652501/): Missing title
2026-01-19 23:42:52,564 - ERROR - Failed to parse job 1109317201 (https://careers.ey.com/ey/job/Montevideo-Contador-Senior-experto-en-payroll-%28h%C3%ADbrido%29/1109317201/): Non-English page
2026-01-19 23:42:59,778 - ERROR - Failed to parse job 1168571701 (https://careers.ey.com/ey/job/Montr%C3%A9al-Consultant%28e%29-Senior-Ing%C3%A9nieur%28e%29-en-IAML-Qu%C3%A9b-H3A-0A8/1168571701/): Non-English page
